SCOPE	NAME	VALUE_DEFAULT_SEMANTICS	PURPOSE	SOURCE
external/system	GGML_CUDA_DISABLE_GRAPHS	Pure presence flag cached on first is_enabled() call; any defined value, including empty or "0", disables. Unset permits CUDA graphs unless the GPU architecture independently disables them; relevant only when compiled with USE_CUDA_GRAPH.	Disable vendored GGML CUDA graph capture/replay and execute through the ordinary CUDA path.	cuda/mmq/common.cuh:1208
external/system	HOME	Filesystem directory string. In ds4-agent, unset or empty falls back to "." for the default cache and history roots; the web helper applies the same fallback for its browser profile. A nonempty value roots .ds4/kvcache, .ds4_agent_history and .ds4/browser.	Choose the user's persistent ds4-agent cache, line-history and Chrome-profile base directory.	ds4_agent.c:4026
external/system	LINENOISE_ASSUME_TTY	Pure presence test flag: any defined value, including empty or "0", treats non-TTY input as interactive while skipping real termios raw-mode setup/restoration. Unset follows isatty and uses plain blocking line input for pipes.	Exercise the live linenoise/agent editor, prompt and status layout in automated pipe-based tests without a real terminal.	linenoise.c:593
external/system	LINENOISE_COLS	If defined, its value is returned directly through atoi with no validation: empty/nonnumeric becomes 0 and signed values are accepted. If unset, linenoise uses TIOCGWINSZ, then a cursor-position query, then fallback width 80.	Force a deterministic terminal column count for linenoise wrapping/layout tests.	linenoise.c:684
external/system	PATH	Colon-separated executable search directories consulted only after DS4_CHROME, macOS app paths and fixed Chrome/Chromium paths fail. The first executable google-chrome, google-chrome-stable, chromium or chromium-browser wins; unset/empty/no match falls back to the literal command google-chrome, which execlp may search again.	Locate a Chrome/Chromium executable for the ds4 web/CDP tool.	ds4_web.c:992
external/system	TERM	Case-insensitive terminal name. Values dumb, cons25, or emacs select linenoise's simple prompt plus blocking line reader; unset, empty, or any other value selects the normal interactive editor when stdin is a TTY.	Avoid ANSI/raw interactive editing on terminal types known not to support the required escape sequences.	linenoise.c:559
runtime/bench	DS4_BENCH_DISABLE_SNAPSHOT	presence flag; unset allows snapshots for eligible frontiers	Disable benchmark state snapshots.	ds4_bench.c:709
runtime/bench	DS4_BENCH_FORCE_SNAPSHOT	presence flag; unset obeys the normal size/eligibility checks	Force benchmark state snapshots despite the normal limit.	ds4_bench.c:712
runtime/bench	DS4_BENCH_SNAPSHOT_MAX_BYTES	unsigned bytes or unlimited/inf; default DS4_BENCH_DEFAULT_SNAPSHOT_MAX_BYTES	Limit session snapshot size during benchmark sweeps.	ds4_bench.c:70
runtime/cli	DS4_CLI_FORCE_SESSION	Pure presence flag: any defined value, including empty or "0", forces the session path. Unset uses the session path only for distributed coordinators, TP leaders, temperature>0, or MTP depth>1; otherwise the CLI calls direct argmax generation.	Force ordinary CLI generation through run_sampled_generation/session APIs so single-node validation follows the same stateful path as TP/distributed runs.	ds4_cli.c:1224
runtime/core	DS4_BATCHED_FFN	Pure presence flag: any defined value, including empty or "0", enables. Unset leaves the default shared-expert-batched FFN path (or its configured fallback). It is read only by CPU layer-major prefill and takes precedence over shared-batch and token-parallel FFN choices.	Run the complete CPU prefill FFN in chunks through layer_ffn_batch instead of the default shared-expert-only batched path.	ds4.c:14411
runtime/core	DS4_BATCHED_ROPE_MAX	Nonempty value parsed by strtol without full-string validation; integers 0..65536 are accepted, otherwise default 4096. Zero disables batched RoPE for every nonempty prompt. Effective only when prefix batch attention is selected and DS4_NO_BATCHED_ROPE is absent.	Set the largest CPU prefix-prefill token batch that applies RoPE and inverse RoPE with the batched kernels.	ds4.c:13911
runtime/core	DS4_DECODE_PROFILE_DETAIL	presence flag; unset=off	Print per-stage timing for the single-token CPU FFN path.	ds4.c:12209
runtime/core	DS4_EXPERT_HOTLIST	nonempty filesystem path; unset=off; currently Metal-only	Load an expert hotlist for Metal expert profiling/streaming.	ds4.c:60637
runtime/core	DS4_EXPERT_PROFILE	presence diagnostic flag; unset=off	Collect timing/profile diagnostics for expert profile.	ds4.c:60635
runtime/core	DS4_LOCK_FILE	path string; default /tmp/ds4.lock	Override the single-instance lock file.	ds4.c:52260
runtime/core	DS4_NO_BATCHED_ATTN	presence rollback flag; unset keeps default/optimized path	Disable/roll back no batched attn.	ds4.c:14410
runtime/core	DS4_NO_BATCHED_ROPE	presence rollback flag; unset keeps default/optimized path	Disable/roll back no batched rope.	ds4.c:13918
runtime/core	DS4_NO_PARALLEL_ATTN_ROWS	presence rollback flag; unset keeps default/optimized path	Disable/roll back no parallel attn rows.	ds4.c:13904
runtime/core	DS4_NO_ROUTED_TOKEN_PARALLEL	presence rollback flag; unset keeps default/optimized path	Disable/roll back no routed token parallel.	ds4.c:12588
runtime/core	DS4_NO_SHARED_BATCH_FFN	presence rollback flag; unset keeps default/optimized path	Disable/roll back no shared batch ffn.	ds4.c:14413
runtime/core	DS4_ORACLE_LOGITS	filesystem path; unset disables read/write	Load reference logits for graph correctness comparison.	ds4.c:39071
runtime/core	DS4_PARALLEL_ATTN_ROWS	Pure presence opt-in; any defined value enables the preference, but DS4_NO_PARALLEL_ATTN_ROWS overrides it. The path is eligible only for prefix prefill with cache n_raw==0 and pos0==0; unset uses per-token attention rows.	Batch/parallelize CPU prefix attention-row evaluation after cache/index preparation.	ds4.c:13901
runtime/core	DS4_PARALLEL_FFN	Pure presence opt-in. It is effective only in CPU prefill when batched attention is enabled, DS4_BATCHED_FFN is absent, and the default shared-batch path has been disabled with DS4_NO_SHARED_BATCH_FFN; otherwise higher-priority paths win.	Run independent prompt-token FFNs through layer_ffn_tokens_parallel as the fallback after disabling shared batching.	ds4.c:14412
runtime/core	DS4_PREFILL_BATCH	Nonempty value parsed by strtol without full-string validation; accepted range 1..4095, default 128 for unset/invalid/out-of-range values. It is used only when DS4_BATCHED_FFN selects full batched CPU FFN.	Set the token chunk size for layer_ffn_batch during CPU layer-major prefill.	ds4.c:14414
runtime/core	DS4_PREFILL_PROFILE_DETAIL	presence flag; unset=off	Print detailed per-stage CPU prefill timing.	ds4.c:12555
runtime/core	DS4_PREFILL_PROFILE_TOKEN	presence flag; effective within detailed prefill profiling	Print token-loop substage timings during CPU prefill.	ds4.c:14130
runtime/core	DS4_ROUTED_TOKEN_PARALLEL	Pure presence flag that forces token-parallel routed MoE, even if DS4_NO_ROUTED_TOKEN_PARALLEL is also set. When unset, token parallelism is automatic for n_tok>=64 unless the NO flag is present; smaller batches use per-token routed MoE.	Choose token-parallel CPU routed-expert evaluation inside the default shared-batch FFN prefill path.	ds4.c:12587
runtime/core	DS4_THREADS	positive integer; default min(online CPUs,12), capped by DS4_MAX_THREADS; CLI thread request overrides env	Set CPU worker-pool size.	ds4.c:1874
runtime/core	DS4_TOKEN_TIMING	Pure presence flag; default off. Any defined value times and prints each CPU token decode evaluation; sampling, emission and callbacks are outside the measured interval.	Report per-token CPU model-evaluation latency during direct argmax generation.	ds4.c:41880
runtime/core	DS4_TRACE_TOP	presence flag; unset=off	Print top-logit/token trace data during CPU generation.	ds4.c:41849
runtime/cpu	DS4_CPU_DISABLE_UNROLLED_ARGMAX	presence rollback flag; unset keeps optimized/default path	Disable/roll back cpu disable unrolled argmax.	ds4.c:41092
runtime/cpu	DS4_CPU_DUMP_LOGITS	filesystem path; unset disables read/write	Dump or select diagnostic data for cpu dump logits.	ds4.c:39101
runtime/cpu	DS4_CPU_DUMP_PREFILL_LOGITS	filesystem path; unset disables read/write	Dump or select diagnostic data for cpu dump prefill logits.	ds4.c:41867
runtime/cuda	DS4_CUDA_ATTENTION_OUTPUT_A_CUBLAS_MIN	integer tokens; default 2; accepted range 2..4095, otherwise 2	Set the token-count threshold for using cuBLAS on attention output-A.	ds4_cuda.cu:23925
runtime/cuda	DS4_CUDA_ATTENTION_OUTPUT_PRELOAD	presence flag; unset does not force the path; any defined value including 0 is true; eligibility/auto-policy still applies	Allow attention-output Q8 weights to be preloaded into the selective F16 cache.	ds4_cuda.cu:2402
runtime/cuda	DS4_CUDA_ATTN_OUTPUT_PROFILE	presence diagnostic flag; default off; any defined value including 0 enables	Measure and print CUDA attention-output stage timings.	ds4_cuda.cu:23910
runtime/cuda	DS4_CUDA_ATTN_Q_B_F32_CACHE	presence flag; unset does not force the path; any defined value including 0 is true; eligibility/auto-policy still applies	Enable an F32-derived-weight cache for attention Q-B weights.	ds4_cuda.cu:2414
runtime/cuda	DS4_CUDA_BUILD_ARTIFACTS	boolean-ish, default on for eligible derived artifacts; only exact 0 disables	Control construction of eligible CUDA derived/repacked weight artifacts.	ds4_cuda.cu:8440
runtime/cuda	DS4_CUDA_COPY_MODEL	nonempty-string opt-in (but mere presence also suppresses prefetch); default off; value 0 is nonempty and requests a full copy	Copy the complete mapped model image into device memory.	ds4_cuda.cu:2740
runtime/cuda	DS4_CUDA_COPY_MODEL_CHUNKED	presence flag; unset does not force the path; any defined value including 0 is true; eligibility/auto-policy still applies	Use range-by-range model prefetch/copy preparation instead of the normal bulk preparation.	ds4_cuda.cu:37740
runtime/cuda	DS4_CUDA_DECODE_GRAPHS	boolean, default on; any value starting with 0, or exact off/no/false in listed case variants, disables; oracle flags force off; effective only on one GPU	Control CUDA Graph capture and replay for decode.	ds4_cuda.cu:1468
runtime/cuda	DS4_CUDA_DECODE_GRAPH_LOG	presence diagnostic flag; default off; any defined value including 0 enables	Log CUDA decode-graph cache misses, capture failures, and lifecycle events.	ds4_cuda.cu:1580
runtime/cuda	DS4_CUDA_DECODE_HEADS8_ONLINE	presence flag; unset does not force the path; any defined value including 0 is true; eligibility/auto-policy still applies	Force the eight-head online CUDA decode-attention kernel when eligible.	ds4_cuda.cu:371
runtime/cuda	DS4_CUDA_DECODE_SCORE4	presence flag; unset does not force the path; any defined value including 0 is true; eligibility/auto-policy still applies	Select four score lanes in the CUDA decode-attention fallback kernel.	ds4_cuda.cu:372
runtime/cuda	DS4_CUDA_DECODE_SCORE8	presence flag; unset does not force the path; any defined value including 0 is true; eligibility/auto-policy still applies	Select eight score lanes in the CUDA decode-attention fallback kernel.	ds4_cuda.cu:373
runtime/cuda	DS4_CUDA_DIRECT_MODEL	mixed presence/nonempty flag, default off; any defined value bypasses host caching, while backend direct lookup requires nonempty; value 0 therefore still changes behavior	Use the mapped model directly and bypass selective CUDA weight caching.	ds4.c:3058; ds4_cuda.cu:1250
runtime/cuda	DS4_CUDA_DISABLE_DSPARK_EXACTN	value-aware boolean; default off; unset/empty uses default, exact 0 disables, any other nonempty value enables	Disable the CUDA DSpark exactn optimization.	ds4.c:52534
runtime/cuda	DS4_CUDA_DISABLE_DSPARK_EXACTN_BATCH_HEAD	value-aware boolean; default off; unset/empty uses default, exact 0 disables, any other nonempty value enables	Disable the CUDA DSpark exactn batch head optimization.	ds4.c:37300
runtime/cuda	DS4_CUDA_DISABLE_DSPARK_EXACTN_GRAPHS	value-aware boolean; default off; unset/empty uses default, exact 0 disables, any other nonempty value enables	Disable the CUDA DSpark exactn graphs optimization.	ds4.c:37266
runtime/cuda	DS4_CUDA_DISABLE_DSPARK_NONCAUSAL_ONLINE	value-aware flag, default off; unset/empty/exact 0 is off, any other nonempty value is on	Disable the noncausal online-attention DSpark experiment.	ds4_cuda.cu:21691
runtime/cuda	DS4_CUDA_DISABLE_HC_NORM_MIX_FUSE	presence kill switch; default unset (eligible path remains available); any defined value including 0 disables	Disable fused HC RMSNorm-plus-mix.	ds4_cuda.cu:20905
runtime/cuda	DS4_CUDA_DISABLE_HC_SPLIT_NORM_FUSED	presence kill switch; default unset (eligible path remains available); any defined value including 0 disables	Disable the fused HC split/weighted-sum/norm kernel.	ds4_cuda.cu:31785
runtime/cuda	DS4_CUDA_DISABLE_IQ2_XXS_SSD_PREFILL_MMQ	false-like-aware flag, default off; 0/false/no/off (case-insensitive) is off, any other nonempty value is on; disable flags dominate	Disable the CUDA IQ2 XXS SSD prefill MMQ optimization/path.	ds4_cuda.cu:4627
runtime/cuda	DS4_CUDA_DISABLE_Q4_ATTN_OUT_HC_FUSE	presence kill switch; default unset (eligible path remains available); any defined value including 0 disables	Disable fused Q4 attention-output/HC expansion.	ds4_cuda.cu:37357
runtime/cuda	DS4_CUDA_DISABLE_Q4_DENSE_PAIR	presence kill switch; default unset (eligible path remains available); any defined value including 0 disables	Disable the Q4 dense pair CUDA Q4 optimization.	ds4_cuda.cu:20402
runtime/cuda	DS4_CUDA_DISABLE_Q8_HC_EXPAND_FUSED	false-like-aware flag, default off; 0/false/no/off is off, other nonempty values request split; force-fused wins	Request the split Q8 shared-down/HC path when safe.	ds4_cuda.cu:2086
runtime/cuda	DS4_CUDA_DISABLE_QKV_RMS_FUSED	presence kill switch; default unset (eligible path remains available); any defined value including 0 disables	Disable the CUDA QKV RMS fused optimization/path.	ds4_cuda.cu:369; ds4.c:17443
runtime/cuda	DS4_CUDA_DISABLE_SHARED_GATE_UP_PAIR	presence kill switch; default unset (eligible path remains available); any defined value including 0 disables	Disable the CUDA shared gate up pair optimization/path.	ds4_cuda.cu:24293
runtime/cuda	DS4_CUDA_DISABLE_STREAMING_EXPERT_PERSISTENT_CACHE	false-like-aware flag, default off; 0/false/no/off (case-insensitive) is off, any other nonempty value is on; disable flags dominate	Disable streaming expert persistent cache in CUDA SSD streaming.	ds4_cuda.cu:4113
runtime/cuda	DS4_CUDA_DISABLE_STREAMING_PREFILL_BATCH_SELECTED_ADDR	presence kill switch; default unset (eligible path remains available); any defined value including 0 disables	Disable streaming prefill batch selected addr in CUDA SSD streaming.	ds4.c:18607
runtime/cuda	DS4_CUDA_DISABLE_STREAMING_PREFILL_BATCH_SELECTED_LOAD	presence kill switch; default unset (eligible path remains available); any defined value including 0 disables	Disable streaming prefill batch selected load in CUDA SSD streaming.	ds4.c:21932
runtime/cuda	DS4_CUDA_DISABLE_STREAMING_SELECTED_BATCH_IO	false-like-aware flag, default off; 0/false/no/off (case-insensitive) is off, any other nonempty value is on; disable flags dominate	Disable streaming selected batch I/O in CUDA SSD streaming.	ds4_cuda.cu:4734
runtime/cuda	DS4_CUDA_DISABLE_STREAMING_SELECTED_EVENT_PIPELINE	false-like-aware flag, default off; 0/false/no/off (case-insensitive) is off, any other nonempty value is on; disable flags dominate	Disable streaming selected event pipeline in CUDA SSD streaming.	ds4_cuda.cu:4866
runtime/cuda	DS4_CUDA_DISABLE_STREAMING_SELECTED_SHARED_OVERLAP	presence kill switch; default unset (eligible path remains available); any defined value including 0 disables	Disable streaming selected shared overlap in CUDA SSD streaming.	ds4.c:20984
runtime/cuda	DS4_CUDA_DSPARK_DEVICE_PROPOSER	value-aware opt-in, default off; 0/off/no/false (lowercase only) disable; other nonempty enables unless rollback set	Enable the CUDA-resident DSpark proposer.	ds4.c:34904; ds4_cuda.cu:19035
runtime/cuda	DS4_CUDA_DSPARK_EXACT2	value-aware boolean; default off; unset/empty uses default, exact 0 disables, any other nonempty value enables	Enable the exact two-draft CUDA DSpark support path.	ds4.c:52511
runtime/cuda	DS4_CUDA_DSPARK_EXACTN	value-aware boolean; default off; unset/empty uses default, exact 0 disables, any other nonempty value enables	Enable the exact multi-draft CUDA DSpark support path.	ds4.c:52532
runtime/cuda	DS4_CUDA_DSPARK_EXACTN_BATCH_HEAD	value-aware boolean; default off; unset/empty uses default, exact 0 disables, any other nonempty value enables	Enable the batched output-head stage for exact-N DSpark verification.	ds4.c:37298
runtime/cuda	DS4_CUDA_DSPARK_EXACTN_GRAPHS	value-aware boolean; default off; unset/empty uses default, exact 0 disables, any other nonempty value enables	Enable CUDA Graph capture for stable exact-N DSpark islands.	ds4.c:37264
runtime/cuda	DS4_CUDA_DSPARK_NO_DEVICE_PROPOSER	presence flag; unset does not force the path; any defined value including 0 is true; eligibility/auto-policy still applies	Disable the CUDA-resident DSpark proposer.	ds4.c:34914; ds4_cuda.cu:19040
runtime/cuda	DS4_CUDA_DSPARK_NO_PADDED_HEAD	presence flag; unset does not force the path; any defined value including 0 is true; eligibility/auto-policy still applies	Disable the padded CUDA output-head optimization used by DSpark.	ds4.c:34262
runtime/cuda	DS4_CUDA_DSPARK_NO_Q_NORM_ROPE_FUSION	presence flag; unset does not force the path; any defined value including 0 is true; eligibility/auto-policy still applies	Disable fused Q RMSNorm plus RoPE in DSpark support stages.	ds4.c:33638
runtime/cuda	DS4_CUDA_DSPARK_PROPOSER_BLOCK_MAX	integer 0..UINT32_MAX; 0/invalid keeps native size; unset uses auto caps for exact-N/exact2; positive values cap the block and are limited by DS4_DSPARK_MAX_BLOCK_SIZE	Cap the CUDA DSpark proposal block length.	ds4.c:52618
runtime/cuda	DS4_CUDA_DSPARK_TINY_ALIGNED_VEC	value-aware flag, default off; unset/empty/exact 0 is off, any other nonempty value is on	Use aligned routed-MoE vector kernels for tiny DSpark batches.	ds4_cuda.cu:29523
runtime/cuda	DS4_CUDA_ENABLE_DSPARK_NONCAUSAL_ONLINE	value-aware flag, default off; unset/empty/exact 0 is off, any other nonempty value is on	Enable the small-batch noncausal online-attention DSpark experiment.	ds4_cuda.cu:21690
runtime/cuda	DS4_CUDA_ENABLE_HC_NORM_MIX_FUSE	nonempty opt-in, default off; only exact 0 disables; the F32/F16 activation mode follows the selected standalone matmul path; disable/serial/alternate flags can veto	Enable and select the fused HC RMSNorm-plus-mix one-token implementation.	ds4_cuda.cu:20902
runtime/cuda	DS4_CUDA_ENABLE_IQ2_XXS_SSD_PREFILL_MMQ	false-like-aware flag, default off; 0/false/no/off (case-insensitive) is off, any other nonempty value is on; disable flags dominate	Enable the CUDA IQ2 XXS SSD prefill MMQ experimental path.	ds4_cuda.cu:4625
runtime/cuda	DS4_CUDA_ENABLE_Q4_ATTN_OUT_HC_FUSE	value-aware flag, default off; unset/empty/exact 0 is off, any other nonempty value is on	Opt in to the fused Q4 attention-output/HC expansion path.	ds4_cuda.cu:37375
runtime/cuda	DS4_CUDA_ENABLE_Q4_GROUPED_ATTN_A_BATCH	value-aware opt-in, default off; nonempty value other than exact 0 enables; rollback wins	Enable flattened grouped attention-A MMQ for two-to-eight-token GB10 batches.	cuda/mmq/ds4_mmq.cu:4313
runtime/cuda	DS4_CUDA_ENABLE_Q4_K1024_PERSISTENT	presence flag, default off; any defined value including 0 requests the path; rollback wins	Enable the GB10 persistent-CTA kernel for M=32768, N=1, K=1024 Q4.	cuda/mmq/ds4_mmq.cu:3915
runtime/cuda	DS4_CUDA_ENABLE_Q8_FOLD	strict flag, default off; only exact value 1 enables; overridden by DS4_CUDA_NO_Q8_FOLD	Enable one-shot producer-to-consumer reuse of freshly quantized Q8_1 data.	ds4_cuda.cu:785
runtime/cuda	DS4_CUDA_ENABLE_STREAMING_EXPERT_PERSISTENT_CACHE	false-like-aware flag, default off; 0/false/no/off (case-insensitive) is off, any other nonempty value is on; disable flags dominate	Enable streaming expert persistent cache in CUDA SSD streaming.	ds4_cuda.cu:4111
runtime/cuda	DS4_CUDA_ENABLE_STREAMING_SELECTED_BATCH_IO	false-like-aware flag, default off; 0/false/no/off (case-insensitive) is off, any other nonempty value is on; disable flags dominate	Enable streaming selected batch I/O in CUDA SSD streaming.	ds4_cuda.cu:4732
runtime/cuda	DS4_CUDA_ENABLE_STREAMING_SELECTED_EVENT_PIPELINE	false-like-aware flag, default off; 0/false/no/off (case-insensitive) is off, any other nonempty value is on; disable flags dominate	Enable streaming selected event pipeline in CUDA SSD streaming.	ds4_cuda.cu:4864
runtime/cuda	DS4_CUDA_END_STREAM_SYNC	presence flag; unset does not force the path; any defined value including 0 is true; eligibility/auto-policy still applies	Synchronize only CUDA stream 0 at command-batch end instead of synchronizing the whole device.	ds4_cuda.cu:376
runtime/cuda	DS4_CUDA_EXACT_SCORE_SPLIT_CHUNK	integer scores/chunk; default 512; clamped 1..8192	Tune exact score split chunk for exact score-split CUDA decode attention.	ds4_cuda.cu:13669
runtime/cuda	DS4_CUDA_EXACT_SCORE_SPLIT_DECODE	value-aware boolean, default on; exact 0 disables; a nonzero explicit setting also takes precedence over split-KV selection	Control the exact score-split decode-attention implementation.	ds4_cuda.cu:13631
runtime/cuda	DS4_CUDA_EXACT_SCORE_SPLIT_DIM2	presence flag; unset does not force the path; any defined value including 0 is true; eligibility/auto-policy still applies	Tune exact score split dim2 for exact score-split CUDA decode attention.	ds4_cuda.cu:387
runtime/cuda	DS4_CUDA_EXACT_SCORE_SPLIT_FUSE_INV_ROPE	presence flag; unset does not force the path; any defined value including 0 is true; eligibility/auto-policy still applies	Tune exact score split fuse inv rope for exact score-split CUDA decode attention.	ds4_cuda.cu:390
runtime/cuda	DS4_CUDA_EXACT_SCORE_SPLIT_GRAPH	presence flag; unset does not force the path; any defined value including 0 is true; eligibility/auto-policy still applies	Tune exact score split graph for exact score-split CUDA decode attention.	ds4_cuda.cu:379
runtime/cuda	DS4_CUDA_EXACT_SCORE_SPLIT_LDG	presence flag; unset does not force the path; any defined value including 0 is true; eligibility/auto-policy still applies	Tune exact score split ldg for exact score-split CUDA decode attention.	ds4_cuda.cu:381
runtime/cuda	DS4_CUDA_EXACT_SCORE_SPLIT_MIN_SCORE	integer score count; default 1; clamped 0..8192	Set the minimum visible-score count for exact score-split decode.	ds4_cuda.cu:13665
runtime/cuda	DS4_CUDA_EXACT_SCORE_SPLIT_S	integer exact split count; unset/invalid = automatic; valid value clamped 1..16	Tune exact score split s for exact score-split CUDA decode attention.	ds4_cuda.cu:13679
runtime/cuda	DS4_CUDA_EXACT_SCORE_SPLIT_S_FLOOR	integer split count; default 6; clamped 1..16	Tune exact score split s floor for exact score-split CUDA decode attention.	ds4_cuda.cu:13672
runtime/cuda	DS4_CUDA_EXACT_SCORE_SPLIT_S_MAX	integer split count; default 16; clamped 1..16	Tune exact score split s max for exact score-split CUDA decode attention.	ds4_cuda.cu:13675
runtime/cuda	DS4_CUDA_EXACT_SCORE_SPLIT_VEC4	presence flag; unset does not force the path; any defined value including 0 is true; eligibility/auto-policy still applies	Tune exact score split vec4 for exact score-split CUDA decode attention.	ds4_cuda.cu:383
runtime/cuda	DS4_CUDA_EXACT_SCORE_SPLIT_VEC4_PLAIN	presence flag; unset does not force the path; any defined value including 0 is true; eligibility/auto-policy still applies	Tune exact score split vec4 plain for exact score-split CUDA decode attention.	ds4_cuda.cu:385
runtime/cuda	DS4_CUDA_F16_CUBLAS_ONE	presence flag; unset does not force the path; any defined value including 0 is true; eligibility/auto-policy still applies	Control the F16 cuBLAS one CUDA F16 matmul path.	ds4_cuda.cu:20852
runtime/cuda	DS4_CUDA_F16_SMALL_BATCH	presence flag; unset does not force the path; any defined value including 0 is true; eligibility/auto-policy still applies	Control the F16 small batch CUDA F16 matmul path.	ds4_cuda.cu:20837
runtime/cuda	DS4_CUDA_F16_SMALL_OUT	presence flag; unset does not force the path; any defined value including 0 is true; eligibility/auto-policy still applies	Control the F16 small out CUDA F16 matmul path.	ds4_cuda.cu:20819
runtime/cuda	DS4_CUDA_GLM_VERIFY_NO_Q8_TOK2	presence flag; unset does not force the path; any defined value including 0 is true; eligibility/auto-policy still applies	Control or tune the CUDA glm verify no Q8 tok2 path.	ds4_cuda.cu:19824
runtime/cuda	DS4_CUDA_GREEDY_SPLITKV	value-aware boolean; default off; unset/empty uses default, exact 0 disables, any other nonempty value enables	Enable greedy split-KV fast attention.	ds4.c:17250
runtime/cuda	DS4_CUDA_GREEDY_SPLITKV_FALLBACK_LOG	presence diagnostic flag; default off; any defined value including 0 enables	Control greedy splitkv fallback log in CUDA greedy fast decode.	ds4.c:55928
runtime/cuda	DS4_CUDA_GREEDY_SPLITKV_MARGIN	nonnegative finite float; default 0.25; invalid value warns and uses 0.25; 0 disables margin fallback	Control greedy splitkv margin in CUDA greedy fast decode.	ds4.c:17328
runtime/cuda	DS4_CUDA_GREEDY_SPLITKV_MAX_SEGMENT	integer 0..INT32_MAX; default/invalid 0 (segment cap disabled)	Control greedy splitkv max segment in CUDA greedy fast decode.	ds4.c:17404
runtime/cuda	DS4_CUDA_GREEDY_SPLITKV_PAIR_REPLAY	value-aware boolean; default off; unset/empty uses default, exact 0 disables, any other nonempty value enables	Replay greedy split-KV tokens in pairs.	ds4.c:17378
runtime/cuda	DS4_CUDA_GREEDY_SPLITKV_TOP2	value-aware boolean; default on; unset/empty uses default, exact 0 disables, any other nonempty value enables	Use top-2 output margins with greedy split-KV.	ds4.c:17360
runtime/cuda	DS4_CUDA_GREEDY_SPLITKV_TRACE	presence diagnostic flag; default off; any defined value including 0 enables	Control greedy splitkv trace in CUDA greedy fast decode.	ds4.c:55963
runtime/cuda	DS4_CUDA_GREEDY_SPLITKV_TRUST_REPLAY	value-aware boolean; default off; unset/empty uses default, exact 0 disables, any other nonempty value enables	Trust replayed greedy split-KV results without the normal confirmation policy.	ds4.c:17368
runtime/cuda	DS4_CUDA_GREEDY_SPLIT_TOP1	value-aware boolean; default off; unset/empty uses default, exact 0 disables, any other nonempty value enables	Enable split top-1 selection in greedy CUDA decode.	ds4.c:17222
runtime/cuda	DS4_CUDA_GREEDY_TOP1	value-aware boolean; default on; unset/empty uses default, exact 0 disables, any other nonempty value enables	Control greedy top1 in CUDA greedy fast decode.	ds4.c:56391
runtime/cuda	DS4_CUDA_GREEDY_VEC4	value-aware boolean; default off; unset/empty uses default, exact 0 disables, any other nonempty value enables	Enable greedy vec4 fast attention.	ds4.c:17260
runtime/cuda	DS4_CUDA_GREEDY_VEC4_FALLBACK_LOG	presence diagnostic flag; default off; any defined value including 0 enables	Control greedy vec4 fallback log in CUDA greedy fast decode.	ds4.c:55929
runtime/cuda	DS4_CUDA_GREEDY_VEC4_MARGIN	nonnegative finite float; default 0.25; invalid value warns and uses 0.25; 0 disables margin fallback	Control greedy vec4 margin in CUDA greedy fast decode.	ds4.c:17298
runtime/cuda	DS4_CUDA_GREEDY_VEC4_MAX_SEGMENT	integer 0..INT32_MAX; default/invalid 0 (segment cap disabled)	Control greedy vec4 max segment in CUDA greedy fast decode.	ds4.c:17412
runtime/cuda	DS4_CUDA_GREEDY_VEC4_TRACE	presence diagnostic flag; default off; any defined value including 0 enables	Control greedy vec4 trace in CUDA greedy fast decode.	ds4.c:55992
runtime/cuda	DS4_CUDA_INDEXED_TWOPASS	presence flag; unset does not force the path; any defined value including 0 is true; eligibility/auto-policy still applies	Force the two-pass indexed-attention path instead of the fused heads8 online kernel.	ds4_cuda.cu:23587
runtime/cuda	DS4_CUDA_IQ2_XXS_SSD_PREFILL_MMQ_STATS	false-like-aware flag, default off; 0/false/no/off (case-insensitive) is off, any other nonempty value is on; disable flags dominate	Print CUDA IQ2 XXS SSD prefill MMQ counters.	ds4_cuda.cu:4633
runtime/cuda	DS4_CUDA_KEEP_MODEL_PAGES	presence flag; unset does not force the path; any defined value including 0 is true; eligibility/auto-policy still applies	Keep source model pages resident instead of advising the OS to discard copied pages.	ds4_cuda.cu:2840
runtime/cuda	DS4_CUDA_MIXED_PREFILL_DECODE	value-aware boolean; default on; unset/empty uses default, exact 0 disables, any other nonempty value enables	Control native mixed prefill/decode scheduling.	ds4.c:71327
runtime/cuda	DS4_CUDA_MIXED_ROUTED_MAX_PREFILL	integer rows 0..UINT32_MAX; default/invalid 512	Set the maximum prefill rows admitted to the mixed routed-MoE path.	ds4.c:70816
runtime/cuda	DS4_CUDA_MIXED_ROUTED_SCATTER	value-aware boolean; default off; unset/empty uses default, exact 0 disables, any other nonempty value enables	Use scattered row handling in mixed routed-MoE execution.	ds4.c:70277
runtime/cuda	DS4_CUDA_MMQ	boolean-ish, default on; any value beginning with 0 disables; quality mode and multi-GPU disable normal MMQ tier (MXFP4 path differs)	Control the vendored CUDA MMQ prefill tier.	ds4_cuda.cu:1722
runtime/cuda	DS4_CUDA_MMQ_Q81_PERSISTENT	strict boolean, default off; accepts 1/on/true/yes and 0/off/false/no in listed lower/upper-case forms; unknown values are off	Reuse a persistent Q8_1 MMQ scratch arena on supported GB10 devices.	cuda/mmq/ds4_mmq.cu:152
runtime/cuda	DS4_CUDA_MMQ_X_MAX	integer >=8; rounded down to multiple of 8 and only lowers the hardware base; invalid/unset = hardware base	Cap the MMQ X tile-width selector for architecture tuning.	cuda/mmq/mmq.cuh:127
runtime/cuda	DS4_CUDA_MODEL_COPY_CHUNK_MB	positive integer MiB; default 64; clamped 16..4096	Set the chunk size used for CUDA model copying.	ds4_cuda.cu:2827
runtime/cuda	DS4_CUDA_MODEL_COPY_VERBOSE	presence diagnostic flag; default off; any defined value including 0 enables	Print periodic progress while copying the model to device memory.	ds4_cuda.cu:6537
runtime/cuda	DS4_CUDA_MODEL_PREFETCH_SYNC	presence flag; unset does not force the path; any defined value including 0 is true; eligibility/auto-policy still applies	Synchronize after each CUDA model prefetch range for diagnostics.	ds4_cuda.cu:2808
runtime/cuda	DS4_CUDA_MOE_ATOMIC_DOWN	presence flag; unset does not force the path; any defined value including 0 is true; eligibility/auto-policy still applies	Select or tune the atomic down variant in CUDA routed-MoE dispatch.	ds4_cuda.cu:30086
runtime/cuda	DS4_CUDA_MOE_DECODE_GRAPH	presence flag; unset does not force the path; any defined value including 0 is true; eligibility/auto-policy still applies	Select or tune the decode graph variant in CUDA routed-MoE dispatch.	ds4_cuda.cu:391
runtime/cuda	DS4_CUDA_MOE_DIRECT_MIDQ	presence flag; unset does not force the path; any defined value including 0 is true; eligibility/auto-policy still applies	Select or tune the direct midq variant in CUDA routed-MoE dispatch.	ds4_cuda.cu:30140
runtime/cuda	DS4_CUDA_MOE_DOWN_ROW1024	presence flag; unset does not force the path; any defined value including 0 is true; eligibility/auto-policy still applies	Select or tune the down row1024 variant in CUDA routed-MoE dispatch.	ds4_cuda.cu:30109
runtime/cuda	DS4_CUDA_MOE_DOWN_ROW128	presence flag; unset does not force the path; any defined value including 0 is true; eligibility/auto-policy still applies	Select or tune the down row128 variant in CUDA routed-MoE dispatch.	ds4_cuda.cu:30128
runtime/cuda	DS4_CUDA_MOE_DOWN_ROW2048	presence flag; unset does not force the path; any defined value including 0 is true; eligibility/auto-policy still applies	Select or tune the down row2048 variant in CUDA routed-MoE dispatch.	ds4_cuda.cu:30110
runtime/cuda	DS4_CUDA_MOE_DOWN_ROW256	presence flag; unset does not force the path; any defined value including 0 is true; eligibility/auto-policy still applies	Select or tune the down row256 variant in CUDA routed-MoE dispatch.	ds4_cuda.cu:30127
runtime/cuda	DS4_CUDA_MOE_DOWN_ROW512	presence flag; unset does not force the path; any defined value including 0 is true; eligibility/auto-policy still applies	Select or tune the down row512 variant in CUDA routed-MoE dispatch.	ds4_cuda.cu:30108
runtime/cuda	DS4_CUDA_MOE_DOWN_ROW64	presence flag; unset does not force the path; any defined value including 0 is true; eligibility/auto-policy still applies	Select or tune the down row64 variant in CUDA routed-MoE dispatch.	ds4_cuda.cu:30129
runtime/cuda	DS4_CUDA_MOE_GATE_ROW1024	presence flag; unset does not force the path; any defined value including 0 is true; eligibility/auto-policy still applies	Select or tune the gate row1024 variant in CUDA routed-MoE dispatch.	ds4_cuda.cu:30120
runtime/cuda	DS4_CUDA_MOE_GATE_ROW128	presence flag; unset does not force the path; any defined value including 0 is true; eligibility/auto-policy still applies	Select or tune the gate row128 variant in CUDA routed-MoE dispatch.	ds4_cuda.cu:30093
runtime/cuda	DS4_CUDA_MOE_GATE_ROW2048	presence flag; unset does not force the path; any defined value including 0 is true; eligibility/auto-policy still applies	Select or tune the gate row2048 variant in CUDA routed-MoE dispatch.	ds4_cuda.cu:30091
runtime/cuda	DS4_CUDA_MOE_GATE_ROW256	presence flag; unset does not force the path; any defined value including 0 is true; eligibility/auto-policy still applies	Select or tune the gate row256 variant in CUDA routed-MoE dispatch.	ds4_cuda.cu:30092
runtime/cuda	DS4_CUDA_MOE_MIDQ_SIDECAR	presence flag; unset does not force the path; any defined value including 0 is true; eligibility/auto-policy still applies	Select or tune the midq sidecar variant in CUDA routed-MoE dispatch.	ds4_cuda.cu:30169
runtime/cuda	DS4_CUDA_MOE_NO_ATOMIC_DOWN	presence flag; unset does not force the path; any defined value including 0 is true; eligibility/auto-policy still applies	Disable the atomic down variant in CUDA routed-MoE dispatch.	ds4_cuda.cu:30087
runtime/cuda	DS4_CUDA_MOE_NO_DECODE_LUT_GATE	presence flag; unset does not force the path; any defined value including 0 is true; eligibility/auto-policy still applies	Disable the decode lut gate variant in CUDA routed-MoE dispatch.	ds4_cuda.cu:30117
runtime/cuda	DS4_CUDA_MOE_NO_DIRECT_DOWN_SUM6	presence flag; unset does not force the path; any defined value including 0 is true; eligibility/auto-policy still applies	Disable the direct down sum6 variant in CUDA routed-MoE dispatch.	ds4_cuda.cu:30137
runtime/cuda	DS4_CUDA_MOE_NO_DIRECT_MIDQ	presence flag; unset does not force the path; any defined value including 0 is true; eligibility/auto-policy still applies	Disable the direct midq variant in CUDA routed-MoE dispatch.	ds4_cuda.cu:30141
runtime/cuda	DS4_CUDA_MOE_NO_DOWN_ROW128	presence flag; unset does not force the path; any defined value including 0 is true; eligibility/auto-policy still applies	Disable the down row128 variant in CUDA routed-MoE dispatch.	ds4_cuda.cu:30133
runtime/cuda	DS4_CUDA_MOE_NO_DOWN_ROW2048	presence flag; unset does not force the path; any defined value including 0 is true; eligibility/auto-policy still applies	Disable the down row2048 variant in CUDA routed-MoE dispatch.	ds4_cuda.cu:30131
runtime/cuda	DS4_CUDA_MOE_NO_DOWN_ROW256	presence flag; unset does not force the path; any defined value including 0 is true; eligibility/auto-policy still applies	Disable the down row256 variant in CUDA routed-MoE dispatch.	ds4_cuda.cu:30132
runtime/cuda	DS4_CUDA_MOE_NO_DOWN_ROW64	presence flag; unset does not force the path; any defined value including 0 is true; eligibility/auto-policy still applies	Disable the down row64 variant in CUDA routed-MoE dispatch.	ds4_cuda.cu:30134
runtime/cuda	DS4_CUDA_MOE_NO_DOWN_TILE16	presence flag; unset does not force the path; any defined value including 0 is true; eligibility/auto-policy still applies	Disable the down tile16 variant in CUDA routed-MoE dispatch.	ds4_cuda.cu:30102
runtime/cuda	DS4_CUDA_MOE_NO_EXPERT_TILES	presence flag; unset does not force the path; any defined value including 0 is true; eligibility/auto-policy still applies	Disable the expert tiles variant in CUDA routed-MoE dispatch.	ds4_cuda.cu:30062
runtime/cuda	DS4_CUDA_MOE_NO_GATE_ROW128	presence flag; unset does not force the path; any defined value including 0 is true; eligibility/auto-policy still applies	Disable the gate row128 variant in CUDA routed-MoE dispatch.	ds4_cuda.cu:30097
runtime/cuda	DS4_CUDA_MOE_NO_GATE_ROW2048	presence flag; unset does not force the path; any defined value including 0 is true; eligibility/auto-policy still applies	Disable the gate row2048 variant in CUDA routed-MoE dispatch.	ds4_cuda.cu:30095
runtime/cuda	DS4_CUDA_MOE_NO_GATE_ROW256	presence flag; unset does not force the path; any defined value including 0 is true; eligibility/auto-policy still applies	Disable the gate row256 variant in CUDA routed-MoE dispatch.	ds4_cuda.cu:30096
runtime/cuda	DS4_CUDA_MOE_NO_IQ2_ALIGNED	value-aware kill switch, default off; nonempty value other than exact 0 disables aligned IQ2 path	Disable the IQ2 aligned variant in CUDA routed-MoE dispatch.	ds4_cuda.cu:1011
runtime/cuda	DS4_CUDA_MOE_NO_MIDQ_SIDECAR	presence flag; unset does not force the path; any defined value including 0 is true; eligibility/auto-policy still applies	Disable the midq sidecar variant in CUDA routed-MoE dispatch.	ds4_cuda.cu:30170
runtime/cuda	DS4_CUDA_MOE_NO_OWNED_SPARSE_BUFFERS	presence flag; unset does not force the path; any defined value including 0 is true; eligibility/auto-policy still applies	Disable the owned sparse buffers variant in CUDA routed-MoE dispatch.	ds4_cuda.cu:30089
runtime/cuda	DS4_CUDA_MOE_NO_P2	presence flag; unset does not force the path; any defined value including 0 is true; eligibility/auto-policy still applies	Disable the p2 variant in CUDA routed-MoE dispatch.	ds4_cuda.cu:30084
runtime/cuda	DS4_CUDA_MOE_NO_Q2K_ALIGNED	value-aware kill switch, default off; nonempty value other than exact 0 disables aligned Q2_K path	Disable the q2k aligned variant in CUDA routed-MoE dispatch.	ds4_cuda.cu:1016
runtime/cuda	DS4_CUDA_MOE_NO_Q4_DOWN_ROWSPAN	presence flag; unset does not force the path; any defined value including 0 is true; eligibility/auto-policy still applies	Disable the Q4 down rowspan variant in CUDA routed-MoE dispatch.	ds4_cuda.cu:30114
runtime/cuda	DS4_CUDA_MOE_NO_Q4_DOWN_SLOT3	presence flag; unset does not force the path; any defined value including 0 is true; eligibility/auto-policy still applies	Disable the Q4 down slot3 variant in CUDA routed-MoE dispatch.	ds4_cuda.cu:30164
runtime/cuda	DS4_CUDA_MOE_NO_Q4_GATE_H16	presence flag; unset does not force the path; any defined value including 0 is true; eligibility/auto-policy still applies	Disable the Q4 gate H16 variant in CUDA routed-MoE dispatch.	ds4_cuda.cu:30149
runtime/cuda	DS4_CUDA_MOE_NO_Q4_GATE_H16R8	presence flag; unset does not force the path; any defined value including 0 is true; eligibility/auto-policy still applies	Disable the Q4 gate H16R8 variant in CUDA routed-MoE dispatch.	ds4_cuda.cu:30145
runtime/cuda	DS4_CUDA_MOE_NO_Q4_GATE_W32	presence flag; unset does not force the path; any defined value including 0 is true; eligibility/auto-policy still applies	Disable the Q4 gate W32 variant in CUDA routed-MoE dispatch.	ds4_cuda.cu:30157
runtime/cuda	DS4_CUDA_MOE_NO_Q4_GATE_W32R16	presence flag; unset does not force the path; any defined value including 0 is true; eligibility/auto-policy still applies	Disable the Q4 gate W32R16 variant in CUDA routed-MoE dispatch.	ds4_cuda.cu:30153
runtime/cuda	DS4_CUDA_MOE_NO_Q4_GATE_W32_NOAUX	presence flag; unset does not force the path; any defined value including 0 is true; eligibility/auto-policy still applies	Disable the Q4 gate W32 no-aux variant in CUDA routed-MoE dispatch.	ds4_cuda.cu:30160
runtime/cuda	DS4_CUDA_MOE_NO_Q4_MMA	presence flag; unset does not force the path; any defined value including 0 is true; eligibility/auto-policy still applies	Disable the Q4 MMA variant in CUDA routed-MoE dispatch.	ds4_cuda.cu:312
runtime/cuda	DS4_CUDA_MOE_NO_Q4_MMA_TILE16	presence flag; unset does not force the path; any defined value including 0 is true; eligibility/auto-policy still applies	Disable the Q4 MMA tile16 variant in CUDA routed-MoE dispatch.	ds4_cuda.cu:30100
runtime/cuda	DS4_CUDA_MOE_NO_Q4_SORTED	presence flag; unset does not force the path; any defined value including 0 is true; eligibility/auto-policy still applies	Disable the Q4 sorted variant in CUDA routed-MoE dispatch.	ds4_cuda.cu:30061
runtime/cuda	DS4_CUDA_MOE_NO_SMALL_SORTED_PREP	presence flag; unset does not force the path; any defined value including 0 is true; eligibility/auto-policy still applies	Disable the small sorted prep variant in CUDA routed-MoE dispatch.	ds4_cuda.cu:30106
runtime/cuda	DS4_CUDA_MOE_PROFILE	presence diagnostic flag; default off; any defined value including 0 enables	Measure and print routed-MoE CUDA kernel-stage timings.	ds4_cuda.cu:30045
runtime/cuda	DS4_CUDA_MOE_Q4_DOWN_SLOT3	presence flag; unset does not force the path; any defined value including 0 is true; eligibility/auto-policy still applies	Select or tune the Q4 down slot3 variant in CUDA routed-MoE dispatch.	ds4_cuda.cu:30163
runtime/cuda	DS4_CUDA_MOE_Q4_GATE_H16	presence flag; unset does not force the path; any defined value including 0 is true; eligibility/auto-policy still applies	Select or tune the Q4 gate H16 variant in CUDA routed-MoE dispatch.	ds4_cuda.cu:30148
runtime/cuda	DS4_CUDA_MOE_Q4_GATE_H16R8	presence flag; unset does not force the path; any defined value including 0 is true; eligibility/auto-policy still applies	Select or tune the Q4 gate H16R8 variant in CUDA routed-MoE dispatch.	ds4_cuda.cu:30144
runtime/cuda	DS4_CUDA_MOE_Q4_GATE_W32R16	presence flag; unset does not force the path; any defined value including 0 is true; eligibility/auto-policy still applies	Select or tune the Q4 gate W32R16 variant in CUDA routed-MoE dispatch.	ds4_cuda.cu:30152
runtime/cuda	DS4_CUDA_MOE_TILE4	presence flag; unset does not force the path; any defined value including 0 is true; eligibility/auto-policy still applies	Select or tune the tile4 variant in CUDA routed-MoE dispatch.	ds4_cuda.cu:30063
runtime/cuda	DS4_CUDA_MOE_TILE8	presence flag; unset does not force the path; any defined value including 0 is true; eligibility/auto-policy still applies	Select or tune the tile8 variant in CUDA routed-MoE dispatch.	ds4_cuda.cu:30079
runtime/cuda	DS4_CUDA_MOE_WRITE_GATE_UP	presence flag; unset does not force the path; any defined value including 0 is true; eligibility/auto-policy still applies	Select or tune the write gate up variant in CUDA routed-MoE dispatch.	ds4_cuda.cu:30081
runtime/cuda	DS4_CUDA_NO_ATTENTION_OUTPUT_F16_CACHE	presence kill switch; default unset (eligible path remains available); any defined value including 0 disables	Disable the attention output F16 cache CUDA F16 path.	ds4_cuda.cu:2364
runtime/cuda	DS4_CUDA_NO_ATTN_A_TOK2	presence kill switch; default unset (eligible path remains available); any defined value including 0 disables	Disable the CUDA attn a tok2 optimization/path.	ds4_cuda.cu:24024
runtime/cuda	DS4_CUDA_NO_ATTN_Q_B_F16_CACHE	presence kill switch; default unset (eligible path remains available); any defined value including 0 disables	Disable the attn q b F16 cache CUDA F16 path.	ds4_cuda.cu:2367
runtime/cuda	DS4_CUDA_NO_COMPRESSOR_PREFILL_BATCH	presence kill switch; default unset (eligible path remains available); any defined value including 0 disables	Disable the CUDA compressor prefill batch optimization/path.	ds4.c:29905
runtime/cuda	DS4_CUDA_NO_CUBLAS_ATTENTION	presence kill switch; default unset (eligible path remains available); any defined value including 0 disables	Disable the CUDA cuBLAS attention optimization/path.	ds4_cuda.cu:23067
runtime/cuda	DS4_CUDA_NO_CUBLAS_ATTENTION_OUTPUT_A	presence kill switch; default unset (eligible path remains available); any defined value including 0 disables	Disable the CUDA cuBLAS attention output a optimization/path.	ds4_cuda.cu:23934
runtime/cuda	DS4_CUDA_NO_DECODE_VALUE512	presence kill switch; default unset (eligible path remains available); any defined value including 0 disables	Disable the 512-thread CUDA decode value/finalize specialization.	ds4_cuda.cu:374
runtime/cuda	DS4_CUDA_NO_DERIVED_WEIGHTS	presence kill switch; default unset (eligible path remains available); any defined value including 0 disables	Disable the CUDA derived weights optimization/path.	ds4_cuda.cu:1034
runtime/cuda	DS4_CUDA_NO_DIRECT_IO	presence kill switch; default unset (eligible path remains available); any defined value including 0 disables	Disable the CUDA direct I/O optimization/path.	cuda/mmq/ds4_repack.cu:68
runtime/cuda	DS4_CUDA_NO_DIRECT_Q2_PREFILL	presence kill switch; default unset (eligible path remains available); any defined value including 0 disables	Disable the CUDA direct q2 prefill optimization/path.	ds4_cuda.cu:395
runtime/cuda	DS4_CUDA_NO_EXACT_SCORE_SPLIT_DECODE	value-aware kill switch, default off; exact 0 is off, other nonempty values disable	Disable exact score split decode for exact score-split CUDA decode attention.	ds4_cuda.cu:13629; ds4.c:68736
runtime/cuda	DS4_CUDA_NO_EXACT_SCORE_SPLIT_DIM2	presence kill switch; default unset (eligible path remains available); any defined value including 0 disables	Disable exact score split dim2 for exact score-split CUDA decode attention.	ds4_cuda.cu:388
runtime/cuda	DS4_CUDA_NO_F16_CUBLAS_BATCH	presence kill switch; default unset (eligible path remains available); any defined value including 0 disables	Disable the F16 cuBLAS batch CUDA F16 path.	ds4_cuda.cu:20854
runtime/cuda	DS4_CUDA_NO_F16_CUBLAS_ONE	presence kill switch; default unset (eligible path remains available); any defined value including 0 disables	Disable the F16 cuBLAS one CUDA F16 path.	ds4_cuda.cu:20851
runtime/cuda	DS4_CUDA_NO_F16_PAIR_COMPRESSOR_STORE	presence kill switch; default unset (eligible path remains available); any defined value including 0 disables	Disable the F16 pair compressor store CUDA F16 path.	ds4_cuda.cu:399
runtime/cuda	DS4_CUDA_NO_F16_PAIR_COMPRESSOR_TRANSPOSE	presence kill switch; default unset (eligible path remains available); any defined value including 0 disables	Disable the F16 pair compressor transpose CUDA F16 path.	ds4_cuda.cu:21343
runtime/cuda	DS4_CUDA_NO_F16_PAIR_COMPRESSOR_TRANSPOSE_PREFETCH8	presence kill switch; default unset (eligible path remains available); any defined value including 0 disables	Disable the F16 pair compressor transpose prefetch8 CUDA F16 path.	ds4_cuda.cu:21349
runtime/cuda	DS4_CUDA_NO_F16_PAIR_MATMUL	presence kill switch; default unset (eligible path remains available); any defined value including 0 disables	Disable the F16 pair matmul CUDA F16 path.	ds4_cuda.cu:21130
runtime/cuda	DS4_CUDA_NO_F16_SMALL_BATCH	presence kill switch; default unset (eligible path remains available); any defined value including 0 disables	Disable the F16 small batch CUDA F16 path.	ds4_cuda.cu:20838
runtime/cuda	DS4_CUDA_NO_F16_SMALL_OUT	presence kill switch; default unset (eligible path remains available); any defined value including 0 disables	Disable the F16 small out CUDA F16 path.	ds4_cuda.cu:20821
runtime/cuda	DS4_CUDA_NO_FD_CACHE	presence kill switch; default unset (eligible path remains available); any defined value including 0 disables	Disable the CUDA fd cache optimization/path.	ds4_cuda.cu:1274
runtime/cuda	DS4_CUDA_NO_GREEDY_SPLITKV	value-aware kill switch; default off; nonempty value other than exact 0 disables	Disable greedy splitkv in CUDA greedy fast decode.	ds4.c:17248
runtime/cuda	DS4_CUDA_NO_GREEDY_SPLITKV_FALLBACK	value-aware kill switch; default off; nonempty value other than exact 0 disables margin fallback	Disable greedy splitkv fallback in CUDA greedy fast decode.	ds4.c:17348
runtime/cuda	DS4_CUDA_NO_GREEDY_SPLITKV_PAIR_REPLAY	value-aware kill switch; default off; nonempty value other than exact 0 disables	Disable greedy splitkv pair replay in CUDA greedy fast decode.	ds4.c:17376
runtime/cuda	DS4_CUDA_NO_GREEDY_SPLITKV_TOP2	value-aware kill switch; default off; nonempty value other than exact 0 disables	Disable greedy splitkv top2 in CUDA greedy fast decode.	ds4.c:17358
runtime/cuda	DS4_CUDA_NO_GREEDY_SPLIT_TOP1	value-aware kill switch; default off; nonempty value other than exact 0 disables	Disable greedy split top1 in CUDA greedy fast decode.	ds4.c:17220
runtime/cuda	DS4_CUDA_NO_GREEDY_VEC4	value-aware kill switch; default off; nonempty value other than exact 0 disables	Disable greedy vec4 in CUDA greedy fast decode.	ds4.c:17258
runtime/cuda	DS4_CUDA_NO_GREEDY_VEC4_FALLBACK	value-aware kill switch; default off; nonempty value other than exact 0 disables margin fallback	Disable greedy vec4 fallback in CUDA greedy fast decode.	ds4.c:17318
runtime/cuda	DS4_CUDA_NO_HC_SPLIT_NORM_SPLIT4096	presence kill switch; default unset (eligible path remains available); any defined value including 0 disables	Disable the split partial-reduction specialization for one-row, 4096-wide HC normalization.	ds4_cuda.cu:31826
runtime/cuda	DS4_CUDA_NO_INDEXED_HEADS8	presence kill switch; default unset (eligible path remains available); any defined value including 0 disables	Disable the CUDA indexed heads8 optimization/path.	ds4_cuda.cu:23586
runtime/cuda	DS4_CUDA_NO_INDEXED_TOPK_SORT	presence kill switch; default unset (eligible path remains available); any defined value including 0 disables	Disable the CUDA indexed topk sort optimization/path.	ds4_cuda.cu:23577
runtime/cuda	DS4_CUDA_NO_INDEXER_DIRECT_ONE	presence kill switch; default unset (eligible path remains available); any defined value including 0 disables	Disable the indexer direct one CUDA indexer kernel/path.	ds4_cuda.cu:18881
runtime/cuda	DS4_CUDA_NO_INDEXER_MXF4	presence kill switch; default unset (eligible path remains available); any defined value including 0 disables	Disable the indexer MXF4 CUDA indexer kernel/path.	ds4_cuda.cu:17774
runtime/cuda	DS4_CUDA_NO_INDEXER_WMMA	presence kill switch; default unset (eligible path remains available); any defined value including 0 disables	Disable the indexer WMMA CUDA indexer kernel/path.	ds4_cuda.cu:18891
runtime/cuda	DS4_CUDA_NO_INDEXER_WMMA128	presence kill switch; default unset (eligible path remains available); any defined value including 0 disables	Disable the indexer wmma128 CUDA indexer kernel/path.	ds4_cuda.cu:18892
runtime/cuda	DS4_CUDA_NO_INDEXER_WMMA32	presence kill switch; default unset (eligible path remains available); any defined value including 0 disables	Disable the indexer wmma32 CUDA indexer kernel/path.	ds4_cuda.cu:18910
runtime/cuda	DS4_CUDA_NO_INDEXER_WMMA64	presence kill switch; default unset (eligible path remains available); any defined value including 0 disables	Disable the indexer wmma64 CUDA indexer kernel/path.	ds4_cuda.cu:18901
runtime/cuda	DS4_CUDA_NO_IQ2_XXS_SSD_PREFILL_MMQ	false-like-aware flag, default off; 0/false/no/off (case-insensitive) is off, any other nonempty value is on; disable flags dominate	Disable the CUDA IQ2 XXS SSD prefill MMQ optimization/path.	ds4_cuda.cu:4629
runtime/cuda	DS4_CUDA_NO_MODEL_COPY	presence kill switch; default unset (eligible path remains available); any defined value including 0 disables	Disable the CUDA model copy optimization/path.	ds4_cuda.cu:6472
runtime/cuda	DS4_CUDA_NO_MODEL_PREFETCH	presence kill switch; default unset (eligible path remains available); any defined value including 0 disables	Disable the CUDA model prefetch optimization/path.	ds4_cuda.cu:2739
runtime/cuda	DS4_CUDA_NO_MOE_DEDUP	presence kill switch; default unset (eligible path remains available); any defined value including 0 disables	Disable the CUDA MoE dedup optimization/path.	cuda/mmq/ds4_mmq.cu:6182
runtime/cuda	DS4_CUDA_NO_ORDERED_F16_MATMUL	presence kill switch; default unset (eligible path remains available); any defined value including 0 disables	Disable the ordered F16 matmul CUDA F16 path.	ds4_cuda.cu:20811
runtime/cuda	DS4_CUDA_NO_PARALLEL_ROUTER_SELECT	presence kill switch; default unset (eligible path remains available); any defined value including 0 disables	Disable the CUDA parallel router select optimization/path.	ds4_cuda.cu:24491
runtime/cuda	DS4_CUDA_NO_Q4_DENSE_SCRATCH	presence kill switch; default unset (eligible path remains available); any defined value including 0 disables	Disable the Q4 dense scratch CUDA Q4 optimization.	cuda/mmq/ds4_mmq.cu:3996
runtime/cuda	DS4_CUDA_NO_Q4_GB10_FAST	presence kill switch; default unset (eligible path remains available); any defined value including 0 disables	Disable the GB10-specific Q4 fast-path family.	cuda/mmq/ds4_mmq.cu:3918
runtime/cuda	DS4_CUDA_NO_Q4_GROUPED_ATTN_A	presence kill switch; default unset (eligible path remains available); any defined value including 0 disables	Disable the Q4 grouped attn a CUDA Q4 optimization.	cuda/mmq/ds4_mmq.cu:4305
runtime/cuda	DS4_CUDA_NO_Q4_GROUPED_ATTN_A_BATCH	presence kill switch; default unset (eligible path remains available); any defined value including 0 disables	Disable the Q4 grouped attn a batch CUDA Q4 optimization.	cuda/mmq/ds4_mmq.cu:4315
runtime/cuda	DS4_CUDA_NO_Q4_K1024_PERSISTENT	presence kill switch, default off; any defined value including 0 disables	Disable the Q4 K1024 persistent CUDA Q4 optimization.	cuda/mmq/ds4_mmq.cu:3917
runtime/cuda	DS4_CUDA_NO_Q8_ALIGNED_DENSE_SCRATCH	presence kill switch; default unset (eligible path remains available); any defined value including 0 disables	Disable the Q8 aligned dense scratch CUDA Q8 optimization.	cuda/mmq/ds4_mmq.cu:5588
runtime/cuda	DS4_CUDA_NO_Q8_ALIGNED_PERSISTENT	presence kill switch; default unset (eligible path remains available); any defined value including 0 disables	Disable the Q8 aligned persistent CUDA Q8 optimization.	cuda/mmq/ds4_mmq.cu:5420
runtime/cuda	DS4_CUDA_NO_Q8_BATCH_EXACT_TOK2	presence kill switch; default unset (eligible path remains available); any defined value including 0 disables	Disable the Q8 batch exact tok2 CUDA Q8 optimization.	ds4_cuda.cu:19852
runtime/cuda	DS4_CUDA_NO_Q8_BATCH_TOK4	presence kill switch; default unset (eligible path remains available); any defined value including 0 disables	Disable the Q8 batch tok4 CUDA Q8 optimization.	ds4_cuda.cu:19805
runtime/cuda	DS4_CUDA_NO_Q8_BATCH_TOK8	presence kill switch; default unset (eligible path remains available); any defined value including 0 disables	Disable the Q8 batch tok8 CUDA Q8 optimization.	ds4_cuda.cu:19788
runtime/cuda	DS4_CUDA_NO_Q8_BATCH_WARP	presence kill switch; default unset (eligible path remains available); any defined value including 0 disables	Disable the Q8 batch warp CUDA Q8 optimization.	ds4_cuda.cu:19787
runtime/cuda	DS4_CUDA_NO_Q8_DP4A	presence kill switch; default unset (eligible path remains available); any defined value including 0 disables	Disable the Q8 DP4A CUDA Q8 optimization.	ds4_cuda.cu:2391
runtime/cuda	DS4_CUDA_NO_Q8_F16_CACHE	presence kill switch; default unset (eligible path remains available); any defined value including 0 disables	Disable the Q8 F16 cache CUDA Q8 optimization.	ds4_cuda.cu:2356
runtime/cuda	DS4_CUDA_NO_Q8_F32_CACHE	presence kill switch; default unset (eligible path remains available); any defined value including 0 disables	Disable the Q8 F32 cache CUDA Q8 optimization.	ds4_cuda.cu:2411
runtime/cuda	DS4_CUDA_NO_Q8_FOLD	value-aware kill switch, default off; nonempty value other than exact 0 disables and wins over enable	Disable the Q8_1 producer-to-consumer fold.	ds4_cuda.cu:786
runtime/cuda	DS4_CUDA_NO_Q8_FUSED_ALIGNED	presence kill switch; default unset (eligible path remains available); any defined value including 0 disables	Disable the Q8 fused aligned CUDA Q8 optimization.	ds4_cuda.cu:20141
runtime/cuda	DS4_CUDA_NO_Q8_MMA	presence kill switch; default unset (eligible path remains available); any defined value including 0 disables	Disable the Q8 MMA CUDA Q8 optimization.	ds4_cuda.cu:10781
runtime/cuda	DS4_CUDA_NO_Q8_PAIR_BATCH_EXACT	presence kill switch; default unset (eligible path remains available); any defined value including 0 disables	Disable the Q8 pair batch exact CUDA Q8 optimization.	ds4_cuda.cu:20302
runtime/cuda	DS4_CUDA_NO_Q8_PAIR_BATCH_EXACT_TOK2	presence kill switch; default unset (eligible path remains available); any defined value including 0 disables	Disable the Q8 pair batch exact tok2 CUDA Q8 optimization.	ds4_cuda.cu:20305
runtime/cuda	DS4_CUDA_NO_QKV_KV_ROPE_FUSE	value-aware kill switch; default off; nonempty value other than exact 0 disables	Disable the CUDA QKV KV rope fuse optimization/path.	ds4.c:17441
runtime/cuda	DS4_CUDA_NO_QKV_PAIR	presence kill switch; default unset (eligible path remains available); any defined value including 0 disables	Disable the CUDA QKV pair optimization/path.	ds4.c:17577
runtime/cuda	DS4_CUDA_NO_SCORE_TILE	presence kill switch; default unset (eligible path remains available); any defined value including 0 disables	Disable the CUDA score tile optimization/path.	ds4_cuda.cu:13734; ds4.c:68748
runtime/cuda	DS4_CUDA_NO_SETDEVICE_CACHE	presence kill switch; default unset (eligible path remains available); any defined value including 0 disables	Disable the cached current-tier shortcut and call cudaSetDevice for every tier selection.	ds4_cuda.cu:377
runtime/cuda	DS4_CUDA_NO_SPLITKV_DECODE	value-aware kill switch, default off; exact 0/empty is off, other nonempty values disable	Disable splitkv decode in CUDA split-KV attention/speculation.	ds4_cuda.cu:2211
runtime/cuda	DS4_CUDA_NO_SPLITKV_SPEC	value-aware kill switch; default off; nonempty value other than exact 0 disables	Disable splitkv spec in CUDA split-KV attention/speculation.	ds4.c:17268
runtime/cuda	DS4_CUDA_NO_SPLITKV_SPEC_BATCH_VERIFY	value-aware kill switch; default off; nonempty value other than exact 0 disables	Disable splitkv spec batch verify in CUDA split-KV attention/speculation.	ds4.c:17288
runtime/cuda	DS4_CUDA_NO_SPLITKV_SPEC_TOPONLY_ROW0	value-aware kill switch; default off; nonempty value other than exact 0 disables	Disable splitkv spec toponly row0 in CUDA split-KV attention/speculation.	ds4.c:17278
runtime/cuda	DS4_CUDA_NO_STREAMING_EXPERT_PERSISTENT_CACHE	false-like-aware flag, default off; 0/false/no/off (case-insensitive) is off, any other nonempty value is on; disable flags dominate	Disable streaming expert persistent cache in CUDA SSD streaming.	ds4_cuda.cu:4115
runtime/cuda	DS4_CUDA_NO_STREAMING_SELECTED_BATCH_IO	false-like-aware flag, default off; 0/false/no/off (case-insensitive) is off, any other nonempty value is on; disable flags dominate	Disable streaming selected batch I/O in CUDA SSD streaming.	ds4_cuda.cu:4736
runtime/cuda	DS4_CUDA_NO_STREAMING_SELECTED_EVENT_PIPELINE	false-like-aware flag, default off; 0/false/no/off (case-insensitive) is off, any other nonempty value is on; disable flags dominate	Disable streaming selected event pipeline in CUDA SSD streaming.	ds4_cuda.cu:4868
runtime/cuda	DS4_CUDA_NO_TF32	presence kill switch; default unset (eligible path remains available); any defined value including 0 disables	Use default cuBLAS math instead of TF32 tensor operations.	ds4_cuda.cu:6657
runtime/cuda	DS4_CUDA_NO_TOP1	presence kill switch; default unset (eligible path remains available); any defined value including 0 disables	Disable the dedicated CUDA indexer top-1 kernel.	ds4_cuda.cu:375
runtime/cuda	DS4_CUDA_NO_TOPK1024	presence kill switch; default unset (eligible path remains available); any defined value including 0 disables	Disable the topk1024 CUDA indexer kernel/path.	ds4_cuda.cu:19290
runtime/cuda	DS4_CUDA_NO_TOPK2048	presence kill switch; default unset (eligible path remains available); any defined value including 0 disables	Disable the topk2048 CUDA indexer kernel/path.	ds4_cuda.cu:19297
runtime/cuda	DS4_CUDA_NO_TOPK2048_WIDE	presence kill switch; default unset (eligible path remains available); any defined value including 0 disables	Disable the topk2048 wide CUDA indexer kernel/path.	ds4_cuda.cu:19212
runtime/cuda	DS4_CUDA_NO_TOPK8192	presence kill switch; default unset (eligible path remains available); any defined value including 0 disables	Disable the topk8192 CUDA indexer kernel/path.	ds4_cuda.cu:19335
runtime/cuda	DS4_CUDA_NO_TOPK_CHUNKED	presence kill switch; default unset (eligible path remains available); any defined value including 0 disables	Disable the topk chunked CUDA indexer kernel/path.	ds4_cuda.cu:19374
runtime/cuda	DS4_CUDA_NO_TOPK_STREAM	presence kill switch; default unset (eligible path remains available); any defined value including 0 disables	Disable the topk stream CUDA indexer kernel/path.	ds4_cuda.cu:19366
runtime/cuda	DS4_CUDA_NO_TP_ATTN_OUT_HC_FUSE	presence kill switch; default unset (eligible path remains available); any defined value including 0 disables	Disable the CUDA TP attn out HC fuse optimization/path.	ds4.c:17580
runtime/cuda	DS4_CUDA_NO_VERIFY_DECODE2_SPLIT_TOP1	value-aware kill switch; default off; nonempty value other than exact 0 disables	Disable the CUDA verify decode2 split top1 optimization/path.	ds4.c:17238
runtime/cuda	DS4_CUDA_NO_WARP_ROUTER_SELECT	presence kill switch; default unset (eligible path remains available); any defined value including 0 disables	Disable the CUDA warp router select optimization/path.	ds4_cuda.cu:24490
runtime/cuda	DS4_CUDA_NO_WINDOW_ATTENTION	presence kill switch; default unset (eligible path remains available); any defined value including 0 disables	Disable the CUDA window attention optimization/path.	ds4_cuda.cu:23050
runtime/cuda	DS4_CUDA_NSYS_PREFILL_START_POS	nonempty-string flag, default off; any nonempty value enables MMQ NVTX ranges (the value is not parsed as a position)	Enable MMQ NVTX annotations intended for Nsight Systems prefill capture.	cuda/mmq/ds4_mmq.cu:49
runtime/cuda	DS4_CUDA_NVTX	strict flag, default off; only exact value 1 enables (a nonempty NSYS variable also enables ranges)	Enable NVTX ranges around MMQ work.	cuda/mmq/ds4_mmq.cu:48
runtime/cuda	DS4_CUDA_OUTPUT_FUSED_TOP1	value-aware boolean; default off; unset/empty uses default, exact 0 disables, any other nonempty value enables	Fuse output projection with top-1 selection in greedy decode.	ds4.c:17230
runtime/cuda	DS4_CUDA_PREFILL_PIPELINE	boolean, default follows CUDA TP decode; nonempty exact 0 disables, any other nonempty value enables	Control the CUDA multi-tier prefill pipeline.	ds4.c:17469
runtime/cuda	DS4_CUDA_PREFILL_PIPELINE_MB	positive integer rows; default/invalid 512	Set prefill-pipeline microbatch rows.	ds4.c:17484
runtime/cuda	DS4_CUDA_PREFILL_PIPELINE_Q8_CACHE	value-aware boolean; default off; unset/empty uses default, exact 0 disables, any other nonempty value enables	Keep selective Q8 caches enabled while running the prefill pipeline.	ds4.c:17479
runtime/cuda	DS4_CUDA_PREFILL_PIPELINE_SEQUENTIAL	presence flag; unset does not force the path; any defined value including 0 is true; eligibility/auto-policy still applies	Execute prefill pipeline stages sequentially for diagnosis.	ds4.c:35540
runtime/cuda	DS4_CUDA_PREFILL_PIPELINE_SYNC_BOUNDARY	presence flag; unset does not force the path; any defined value including 0 is true; eligibility/auto-policy still applies	Synchronize CUDA at every prefill pipeline tier boundary.	ds4.c:35587
runtime/cuda	DS4_CUDA_Q4_ATTN_OUT_HC_ORACLE	value-aware flag, default off; unset/empty/exact 0 is off, any other nonempty value is on	Compare fused Q4 attention-output/HC expansion with the canonical path and retain canonical output.	ds4_cuda.cu:1475
runtime/cuda	DS4_CUDA_Q4_ATTN_OUT_HC_Q8K_EXPERIMENT	value-aware flag, default off; unset/empty/exact 0 is off, any other nonempty value is on	Enable the experimental Q8_K-based Q4 attention-output/HC fusion.	ds4_cuda.cu:37377
runtime/cuda	DS4_CUDA_Q4_GROUPED_ATTN_A_ORACLE	value-aware flag, default off; unset/empty/exact 0 is off, any other nonempty value is on	Compare grouped attention-A against the canonical per-group result.	ds4_cuda.cu:1477
runtime/cuda	DS4_CUDA_Q4_K1024_PERSISTENT_ORACLE	value-aware flag, default off; nonempty value other than exact 0 enables and implies candidate admission	Bitwise-compare the exact-shape persistent Q4 K1024 kernel with canonical MMVQ and retain canonical output.	cuda/mmq/ds4_mmq.cu:3748
runtime/cuda	DS4_CUDA_Q4_K1024_PERSISTENT_STATS	value-aware flag, default off; nonempty value other than exact 0 enables	Print exact-shape persistent Q4 K1024 dispatch counters at exit.	cuda/mmq/ds4_mmq.cu:3747
runtime/cuda	DS4_CUDA_Q8_F16_ALL	presence flag; unset does not force the path; any defined value including 0 is true; eligibility/auto-policy still applies	Control the Q8 F16 all CUDA quantized-matmul/cache optimization.	ds4_cuda.cu:2358
runtime/cuda	DS4_CUDA_Q8_F16_CACHE_MB	unsigned integer MiB, full-string parse; default unlimited; 0 disables this cache	Limit the selective Q8-to-F16 derived-weight cache.	ds4_cuda.cu:2218
runtime/cuda	DS4_CUDA_Q8_F16_CACHE_RESERVE_MB	unsigned integer MiB, full-string parse; default is VRAM-dependent (>=112 GiB: 512; >=40 GiB: max(768,1%); smaller: max(4096,5%))	Reserve free VRAM when growing the selective Q8-to-F16 cache.	ds4_cuda.cu:2224
runtime/cuda	DS4_CUDA_Q8_F32_ALL	presence flag; unset does not force the path; any defined value including 0 is true; eligibility/auto-policy still applies	Control the Q8 F32 all CUDA quantized-matmul/cache optimization.	ds4_cuda.cu:2412
runtime/cuda	DS4_CUDA_Q8_F32_LARGE	presence flag; unset does not force the path; any defined value including 0 is true; eligibility/auto-policy still applies	Control the Q8 F32 large CUDA quantized-matmul/cache optimization.	ds4_cuda.cu:2416
runtime/cuda	DS4_CUDA_Q8_F32_PRELOAD	presence flag; unset does not force the path; any defined value including 0 is true; eligibility/auto-policy still applies	Control the Q8 F32 preload CUDA quantized-matmul/cache optimization.	ds4_cuda.cu:8597
runtime/cuda	DS4_CUDA_Q8_FOLD_ORACLE	strict flag, default off; only exact value 1 enables	Compare folded Q8_1 bytes and consumer outputs against canonical work while retaining canonical results.	cuda/mmq/ds4_mmq.cu:391
runtime/cuda	DS4_CUDA_Q8_HC_EXPAND_FUSED	false-like-aware flag, default off; 0/false/no/off (case-insensitive) is off, other nonempty values force fused	Force the fused Q8 shared-down/HC expansion path.	ds4_cuda.cu:2084
runtime/cuda	DS4_CUDA_Q8_HC_EXPAND_STATS	false-like-aware flag, default off; 0/false/no/off is off, other nonempty values print report	Print Q8 shared-down/HC policy and dispatch counters at exit.	ds4_cuda.cu:2090
runtime/cuda	DS4_CUDA_Q8_NO_ALIGNED	value-aware kill switch, default off; nonempty value other than exact 0 disables aligned Q8 kernels	Disable aligned Q8 CUDA matmul kernels.	ds4_cuda.cu:1021
runtime/cuda	DS4_CUDA_Q8_PAIR_BATCH	presence flag; unset does not force the path; any defined value including 0 is true; eligibility/auto-policy still applies	Control the Q8 pair batch CUDA quantized-matmul/cache optimization.	ds4_cuda.cu:20167
runtime/cuda	DS4_CUDA_QKV_KV_ROPE_FUSE	value-aware boolean; default on; unset/empty uses default, exact 0 disables, any other nonempty value enables	Control or tune the CUDA QKV KV rope fuse path.	ds4.c:17444
runtime/cuda	DS4_CUDA_Q_NORM_ROPE_FUSE	value-aware boolean; default on; unset/empty uses default, exact 0 disables, any other nonempty value enables	Control or tune the CUDA q norm rope fuse path.	ds4.c:17433
runtime/cuda	DS4_CUDA_REQUIRE_IQ2_XXS_SSD_PREFILL_MMQ	false-like-aware flag, default off; 0/false/no/off (case-insensitive) is off, any other nonempty value is on; disable flags dominate	Require the CUDA IQ2 XXS SSD prefill MMQ path; fail closed when unavailable.	ds4_cuda.cu:4631
runtime/cuda	DS4_CUDA_REQUIRE_Q4_GROUPED_ATTN_A_BATCH	value-aware flag, default off; unset/empty/exact 0 is off, any other nonempty value is on	Fail if grouped batched attention-A cannot be used.	ds4_cuda.cu:40198
runtime/cuda	DS4_CUDA_REQUIRE_Q4_K1024_PERSISTENT	presence flag, default off; any defined value including 0 makes ineligible candidate fail closed	Fail when the exact Q4 K1024 persistent candidate is unavailable instead of using MMVQ.	cuda/mmq/ds4_mmq.cu:3939
runtime/cuda	DS4_CUDA_REQUIRE_STREAMING_EXPERT_PERSISTENT_CACHE	false-like-aware flag, default off; 0/false/no/off (case-insensitive) is off, any other nonempty value is on; disable flags dominate	Require streaming expert persistent cache in CUDA SSD streaming; fail closed when unavailable.	ds4_cuda.cu:4117
runtime/cuda	DS4_CUDA_REQUIRE_STREAMING_SELECTED_BATCH_IO	false-like-aware flag, default off; 0/false/no/off (case-insensitive) is off, any other nonempty value is on; disable flags dominate	Require streaming selected batch I/O in CUDA SSD streaming; fail closed when unavailable.	ds4_cuda.cu:4738
runtime/cuda	DS4_CUDA_REQUIRE_STREAMING_SELECTED_EVENT_PIPELINE	false-like-aware flag, default off; 0/false/no/off (case-insensitive) is off, any other nonempty value is on; disable flags dominate	Require streaming selected event pipeline in CUDA SSD streaming; fail closed when unavailable.	ds4_cuda.cu:4870
runtime/cuda	DS4_CUDA_SERIAL_F16_MATMUL	presence flag; unset does not force the path; any defined value including 0 is true; eligibility/auto-policy still applies	Control the serial F16 matmul CUDA F16 matmul path.	ds4_cuda.cu:20801
runtime/cuda	DS4_CUDA_SERIAL_ROUTER	presence flag; unset does not force the path; any defined value including 0 is true; eligibility/auto-policy still applies	Control or tune the CUDA serial router path.	ds4_cuda.cu:20806
runtime/cuda	DS4_CUDA_SESSION_BATCH_ATTN_ALIAS	value-aware boolean; default on; unset/empty uses default, exact 0 disables, any other nonempty value enables	Control the grouped multi-session CUDA attn alias stage.	ds4.c:70528
runtime/cuda	DS4_CUDA_SESSION_BATCH_ATTN_CORE	value-aware boolean; default on; unset/empty uses default, exact 0 disables, any other nonempty value enables	Control the grouped multi-session CUDA attn core stage.	ds4.c:70531
runtime/cuda	DS4_CUDA_SESSION_BATCH_ATTN_POST	value-aware boolean; default on; unset/empty uses default, exact 0 disables, any other nonempty value enables	Control the grouped multi-session CUDA attn post stage.	ds4.c:70543
runtime/cuda	DS4_CUDA_SESSION_BATCH_ATTN_PRE	value-aware boolean; default on; unset/empty uses default, exact 0 disables, any other nonempty value enables	Control the grouped multi-session CUDA attn pre stage.	ds4.c:70524
runtime/cuda	DS4_CUDA_SESSION_BATCH_FFN_PRE	value-aware boolean; default on; unset/empty uses default, exact 0 disables, any other nonempty value enables	Control the grouped multi-session CUDA ffn pre stage.	ds4.c:70520
runtime/cuda	DS4_CUDA_SESSION_BATCH_INTERLEAVE	boolean, default on; unset/empty/nonzero enables pipeline interleaving; exact 0 disables	Control the grouped multi-session CUDA interleave stage.	ds4.c:71204
runtime/cuda	DS4_CUDA_SESSION_BATCH_KV_STORE	value-aware boolean; default on; unset/empty uses default, exact 0 disables, any other nonempty value enables	Control the grouped multi-session CUDA KV store stage.	ds4.c:70539
runtime/cuda	DS4_CUDA_SESSION_BATCH_MOE	value-aware boolean; default on; unset/empty uses default, exact 0 disables, any other nonempty value enables	Control the grouped multi-session CUDA MoE stage.	ds4.c:70057
runtime/cuda	DS4_CUDA_SESSION_BATCH_MOE_COMBINE_ROWS	value-aware boolean; default on; unset/empty uses default, exact 0 disables, any other nonempty value enables	Control the grouped multi-session CUDA MoE combine rows stage.	ds4.c:70057
runtime/cuda	DS4_CUDA_SESSION_BATCH_QKV	value-aware boolean; default on; unset/empty uses default, exact 0 disables, any other nonempty value enables	Control the grouped multi-session CUDA QKV stage.	ds4.c:70535
runtime/cuda	DS4_CUDA_SESSION_BATCH_SHARED	value-aware boolean; default on; unset/empty uses default, exact 0 disables, any other nonempty value enables	Control the grouped multi-session CUDA shared stage.	ds4.c:70516
runtime/cuda	DS4_CUDA_SPLITKV_CHUNK	integer scores/chunk; default 512; clamped 1..512	Control splitkv chunk in CUDA split-KV attention/speculation.	ds4_cuda.cu:22568
runtime/cuda	DS4_CUDA_SPLITKV_DECODE	value-aware boolean, default off; exact 0/empty is off, other nonempty values enable; mere presence also excludes one session-batch path	Enable split-KV decode attention.	ds4_cuda.cu:2213; ds4.c:68737
runtime/cuda	DS4_CUDA_SPLITKV_GLOBAL_SOFTMAX	value-aware opt-in, default off; exact 0/empty is off, other nonempty values enable	Use the global-softmax variant of split-KV attention.	ds4_cuda.cu:22589
runtime/cuda	DS4_CUDA_SPLITKV_MIN_SCORE	integer score count 0..UINT32_MAX; default 0 when explicitly enabled, otherwise 512; CUDA kernel clamps to 0..8192	Set the minimum visible-score count for split-KV attention.	ds4_cuda.cu:22557; ds4.c:17417
runtime/cuda	DS4_CUDA_SPLITKV_S	integer exact split count; unset/invalid = automatic; valid value clamped 1..16	Control splitkv s in CUDA split-KV attention/speculation.	ds4_cuda.cu:22578
runtime/cuda	DS4_CUDA_SPLITKV_SPEC	value-aware boolean; default off; unset/empty uses default, exact 0 disables, any other nonempty value enables	Enable split-KV speculative decoding.	ds4.c:17270
runtime/cuda	DS4_CUDA_SPLITKV_SPEC_BATCH_VERIFY	value-aware boolean; default off; unset/empty uses default, exact 0 disables, any other nonempty value enables	Use batched verification for split-KV speculation.	ds4.c:17290
runtime/cuda	DS4_CUDA_SPLITKV_SPEC_LOG	presence diagnostic flag; default off; any defined value including 0 enables	Log split-KV speculative-decode admission and fallback decisions.	ds4.c:56077
runtime/cuda	DS4_CUDA_SPLITKV_SPEC_TIMING	presence flag; unset does not force the path; any defined value including 0 is true; eligibility/auto-policy still applies	Print timing for split-KV speculative-decode stages.	ds4.c:56116
runtime/cuda	DS4_CUDA_SPLITKV_SPEC_TOPONLY_ROW0	value-aware boolean; default off; unset/empty uses default, exact 0 disables, any other nonempty value enables	Compute only the top result for row zero in split-KV speculation.	ds4.c:17280
runtime/cuda	DS4_CUDA_SPLITKV_S_FLOOR	integer split count; default 4; clamped 1..16	Control splitkv s floor in CUDA split-KV attention/speculation.	ds4_cuda.cu:22571
runtime/cuda	DS4_CUDA_SPLITKV_S_MAX	integer split count; default 16; clamped 1..16	Control splitkv s max in CUDA split-KV attention/speculation.	ds4_cuda.cu:22574
runtime/cuda	DS4_CUDA_STREAMING_EXPERT_CACHE_PROFILE	presence diagnostic flag; default off; any defined value including 0 enables	Profile CUDA SSD-streaming streaming expert cache.	ds4.c:21864
runtime/cuda	DS4_CUDA_STREAMING_EXPERT_PERSISTENT_CACHE_ORACLE	false-like-aware flag, default off; 0/false/no/off (case-insensitive) is off, any other nonempty value is on; disable flags dominate	Run the diagnostic oracle for CUDA SSD-streaming streaming expert persistent cache.	ds4_cuda.cu:4121
runtime/cuda	DS4_CUDA_STREAMING_EXPERT_PERSISTENT_CACHE_STATS	false-like-aware flag, default off; 0/false/no/off (case-insensitive) is off, any other nonempty value is on; disable flags dominate	Print counters for CUDA SSD-streaming streaming expert persistent cache.	ds4_cuda.cu:4119
runtime/cuda	DS4_CUDA_STREAMING_PREFILL_BATCH_SELECTED_PROFILE	presence diagnostic flag; default off; any defined value including 0 enables	Profile CUDA SSD-streaming streaming prefill batch selected.	ds4.c:21947
runtime/cuda	DS4_CUDA_STREAMING_SELECTED_BATCH_IO_ORACLE	false-like-aware flag, default off; 0/false/no/off (case-insensitive) is off, any other nonempty value is on; disable flags dominate	Run the diagnostic oracle for CUDA SSD-streaming streaming selected batch I/O.	ds4_cuda.cu:4740
runtime/cuda	DS4_CUDA_STREAMING_SELECTED_BATCH_IO_PROFILE	false-like-aware flag, default off; 0/false/no/off (case-insensitive) is off, any other nonempty value is on; disable flags dominate	Profile CUDA SSD-streaming streaming selected batch I/O.	ds4_cuda.cu:5711
runtime/cuda	DS4_CUDA_STREAMING_SELECTED_EVENT_PIPELINE_ORACLE	false-like-aware flag, default off; 0/false/no/off (case-insensitive) is off, any other nonempty value is on; disable flags dominate	Run the diagnostic oracle for CUDA SSD-streaming streaming selected event pipeline.	ds4_cuda.cu:4872
runtime/cuda	DS4_CUDA_STREAMING_SELECTED_EVENT_PIPELINE_STATS	false-like-aware flag, default off; 0/false/no/off (case-insensitive) is off, any other nonempty value is on; disable flags dominate	Print counters for CUDA SSD-streaming streaming selected event pipeline.	ds4_cuda.cu:4874
runtime/cuda	DS4_CUDA_STRICT_WEIGHT_CACHE	presence flag; unset does not force the path; any defined value including 0 is true; eligibility/auto-policy still applies	Fail a weight lookup when cache allocation fails instead of falling back to mapped model memory.	ds4_cuda.cu:6388
runtime/cuda	DS4_CUDA_SYNC_XDEV	presence flag; unset does not force the path; any defined value including 0 is true; eligibility/auto-policy still applies	Synchronize cross-device CUDA copies for debugging and error localization.	ds4_cuda.cu:363
runtime/cuda	DS4_CUDA_TP_ATTN	value-aware boolean; default on; unset/empty uses default, exact 0 disables, any other nonempty value enables	Control CUDA tensor/expert-parallel attn execution.	ds4.c:17050
runtime/cuda	DS4_CUDA_TP_ATTN_CACHE_DUP	value-aware boolean; default off; unset/empty uses default, exact 0 disables, any other nonempty value enables	Control CUDA tensor/expert-parallel attn cache dup execution.	ds4.c:17074
runtime/cuda	DS4_CUDA_TP_ATTN_HEADS	value-aware boolean; default off; unset/empty uses default, exact 0 disables, any other nonempty value enables	Control CUDA tensor/expert-parallel attn heads execution.	ds4.c:17066
runtime/cuda	DS4_CUDA_TP_ATTN_OUT_HC_FUSE	presence flag; unset does not force the path; any defined value including 0 is true; eligibility/auto-policy still applies	Control CUDA tensor/expert-parallel attn out HC fuse execution.	ds4.c:17579
runtime/cuda	DS4_CUDA_TP_ATTN_PEER_READ	value-aware boolean; default on; unset/empty uses default, exact 0 disables, any other nonempty value enables	Control CUDA tensor/expert-parallel attn peer read execution.	ds4.c:17058
runtime/cuda	DS4_CUDA_TP_EP_BALANCED_SHARED_MID	value-aware boolean; default on; unset/empty uses default, exact 0 disables, any other nonempty value enables	Control CUDA tensor/expert-parallel EP balanced shared mid execution.	ds4.c:17131
runtime/cuda	DS4_CUDA_TP_EP_DELAY_REDUCE	value-aware boolean; default on; unset/empty uses default, exact 0 disables, any other nonempty value enables	Control CUDA tensor/expert-parallel EP delay reduce execution.	ds4.c:17106
runtime/cuda	DS4_CUDA_TP_EP_DIRECT_RETURN	value-aware boolean; default on; unset/empty uses default, exact 0 disables, any other nonempty value enables	Control CUDA tensor/expert-parallel EP direct return execution.	ds4.c:17098
runtime/cuda	DS4_CUDA_TP_EP_DUAL_PREQUANT	value-aware boolean; default on; unset/empty uses default, exact 0 disables, any other nonempty value enables	Control CUDA tensor/expert-parallel EP dual prequant execution.	ds4.c:17140
runtime/cuda	DS4_CUDA_TP_EP_FUSED_HC_REDUCE	value-aware boolean; default on; unset/empty uses default, exact 0 disables, any other nonempty value enables	Control CUDA tensor/expert-parallel EP fused HC reduce execution.	ds4.c:17114
runtime/cuda	DS4_CUDA_TP_EP_FUSED_SHARED_MID	value-aware boolean; default on; unset/empty uses default, exact 0 disables, any other nonempty value enables	Control CUDA tensor/expert-parallel EP fused shared mid execution.	ds4.c:17122
runtime/cuda	DS4_CUDA_TP_EP_PACK_EXACT	value-aware boolean; default on; unset/empty uses default, exact 0 disables, any other nonempty value enables	Control CUDA tensor/expert-parallel EP pack exact execution.	ds4.c:17090
runtime/cuda	DS4_CUDA_TP_MOE	value-aware boolean; default on; unset/empty uses default, exact 0 disables, any other nonempty value enables	Control CUDA tensor/expert-parallel MoE execution.	ds4.c:17082
runtime/cuda	DS4_CUDA_TP_MOE_COPY3	value-aware boolean; default off; unset/empty uses default, exact 0 disables, any other nonempty value enables	Control CUDA tensor/expert-parallel MoE copy3 execution.	ds4.c:17164
runtime/cuda	DS4_CUDA_TP_MOE_DELAY_REDUCE	value-aware boolean; default on; unset/empty uses default, exact 0 disables, any other nonempty value enables	Control CUDA tensor/expert-parallel MoE delay reduce execution.	ds4.c:17148
runtime/cuda	DS4_CUDA_TP_MOE_PACK	value-aware boolean; default off; unset/empty uses default, exact 0 disables, any other nonempty value enables	Control CUDA tensor/expert-parallel MoE pack execution.	ds4.c:17156
runtime/cuda	DS4_CUDA_TP_MOE_PEER_READ	value-aware boolean; default off; unset/empty uses default, exact 0 disables, any other nonempty value enables	Control CUDA tensor/expert-parallel MoE peer read execution.	ds4.c:17172
runtime/cuda	DS4_CUDA_TP_MOE_PEER_ROUTER	value-aware boolean; default off; unset/empty uses default, exact 0 disables, any other nonempty value enables	Control CUDA tensor/expert-parallel MoE peer router execution.	ds4.c:17180
runtime/cuda	DS4_CUDA_TP_OUTPUT	boolean, default on; empty/unset/nonzero enables, exact 0 disables	Control CUDA tensor/expert-parallel output execution.	ds4.c:51974
runtime/cuda	DS4_CUDA_TP_OUTPUT_WAYS	integer 2..DS4_MAX_GPUS (16); default 8; invalid value falls back to 2; capped by available GPUs	Set the number of GPU ways used to shard CUDA tensor-parallel output projection.	ds4.c:58; ds4.c:51981
runtime/cuda	DS4_CUDA_TP_PREFILL_ATTN_OUTPUT	value-aware boolean; default on; unset/empty uses default, exact 0 disables, any other nonempty value enables	Control CUDA tensor/expert-parallel prefill attn output execution.	ds4.c:17460
runtime/cuda	DS4_CUDA_TP_PREFILL_FFN	value-aware boolean; default on; unset/empty uses default, exact 0 disables, any other nonempty value enables	Control CUDA tensor/expert-parallel prefill ffn execution.	ds4.c:17452
runtime/cuda	DS4_CUDA_TP_Q	value-aware boolean; default off; unset/empty uses default, exact 0 disables, any other nonempty value enables	Control CUDA tensor/expert-parallel q execution.	ds4.c:17204
runtime/cuda	DS4_CUDA_TP_SHARED	value-aware boolean; default off; unset/empty uses default, exact 0 disables, any other nonempty value enables	Control CUDA tensor/expert-parallel shared execution.	ds4.c:17188
runtime/cuda	DS4_CUDA_TP_SHARED_FOLD	value-aware boolean; default on; unset/empty uses default, exact 0 disables, any other nonempty value enables	Control CUDA tensor/expert-parallel shared fold execution.	ds4.c:17196
runtime/cuda	DS4_CUDA_VERIFY_DECODE2_SPLIT_TOP1	value-aware boolean; default off; unset/empty uses default, exact 0 disables, any other nonempty value enables	Enable the split top-1 path for two-row verification decode.	ds4.c:17240
runtime/cuda	DS4_CUDA_WEIGHT_ARENA_CHUNK_MB	positive integer MiB; default 1792; clamped 256..8192 and raised/aligned when one allocation needs more	Set the CUDA selective-weight arena allocation chunk.	ds4_cuda.cu:6311
runtime/cuda	DS4_CUDA_WEIGHT_CACHE	presence flag; unset does not force the path; any defined value including 0 is true; eligibility/auto-policy still applies	Force selective CUDA weight caching instead of direct mapped access.	ds4_cuda.cu:1246
runtime/cuda	DS4_CUDA_WEIGHT_CACHE_LIMIT_GB	unsigned integer GiB; default/0 = unlimited; parser accepts a numeric prefix even with trailing text	Limit total CUDA selective-weight cache allocation.	ds4_cuda.cu:6299
runtime/cuda	DS4_CUDA_WEIGHT_CACHE_VERBOSE	presence diagnostic flag; default off; any defined value including 0 enables	Print CUDA weight mapping, caching, and preload diagnostics.	ds4_cuda.cu:1297
runtime/cuda	DS4_CUDA_WEIGHT_PRELOAD	presence flag; unset does not force the path; any defined value including 0 is true; eligibility/auto-policy still applies	Request proactive CUDA weight caching/preloading.	ds4_cuda.cu:1247
runtime/cuda	DS4_CUDA_WEIGHT_PRELOAD_SPAN_MB	positive integer MiB; default 1024; clamped 64..4096	Set the maximum span size used by CUDA weight preload.	ds4.c:2880
runtime/cuda	DS4_CUDA_WINDOW_ATTENTION	presence flag; unset does not force the path; any defined value including 0 is true; eligibility/auto-policy still applies	Control or tune the CUDA window attention path.	ds4_cuda.cu:23051
runtime/cuda-mmq	DS4_MMID_CASE1	boolean-ish cached flag; default on; a value starting with 0 disables	Disable the single-expert MM-IDs specialized fast path for comparison.	cuda/mmq/mmid.cu:290
runtime/cuda-mmq	DS4_MMID_LARGE	boolean-ish cached flag; default on; a value starting with 0 disables	Control the large-N global-memory MM-IDs path used beyond shared-memory capacity.	cuda/mmq/mmid.cu:245
runtime/cuda-mmq	DS4_MMQ_D2R	boolean-ish cached flag; default on; a value starting with 0 disables	Control the direct-to-register Q2_K MoE down path.	cuda/mmq/ds4_mmq.cu:535
runtime/cuda-mmq	DS4_MMQ_D2R_IQ2	boolean-ish cached flag; default on; a value starting with 0 disables	Control the direct-to-register IQ2 MoE gate/up path.	cuda/mmq/ds4_mmq.cu:544
runtime/cuda-mmq	DS4_MMQ_D2R_MIN_COLS	positive integer; default 1024; invalid or nonpositive input restores the default	Set the minimum output-column count for the MMQ direct-to-register path.	cuda/mmq/ds4_mmq.cu:639
runtime/cuda-mmq	DS4_MMQ_D2R_STATS	exact 1 enables; unset or every other value disables; cached and synchronizes the stream	Print partial-tile fill telemetry for the direct-to-register MMQ kernels.	cuda/mmq/ds4_mmq_d2r.cu:33
runtime/cuda-mmq	DS4_MMQ_DENSE_D2R	boolean-ish flag; default on; exact 0 disables	Control the eligible aligned-Q8 dense prefill direct-to-register path.	ds4_cuda.cu:19567
runtime/cuda-mmq	DS4_MMQ_NO_YIND	presence rollback; unset keeps Y-indirect staging; any defined value including 0 disables it	Restore slot-gathered MoE gate/up activation quantization.	cuda/mmq/ds4_mmq.cu:619
runtime/cuda-mmq	DS4_MMQ_OUT_MEMSET	exact 1 enables; unset or every other value disables; cached	Restore blanket MMQ output-buffer zeroing for diagnostics.	cuda/mmq/ds4_mmq.cu:562
runtime/cuda-mmq	DS4_MMQ_YBUF_MEMSET	unset or 0 disables; 1 zero-fills; a value starting with p or P poison-fills with 0xFF	Control MMQ Q8_1 activation-staging initialization and its poison oracle.	cuda/mmq/ds4_mmq.cu:588
runtime/cuda-mmq	DS4_MMQ_YIND_VERIFY	presence diagnostic; unset is off; any defined value including 0 enables	Byte-compare Y-indirect and slot-gathered MoE activation buffers.	cuda/mmq/ds4_mmq.cu:630
runtime/cuda-mmq	DS4_Q8_FOLD_SELFTEST	positive call budget; unset/empty disables; a nonempty value parsing to 1 or less selects 512 calls	Byte-check folded Q8_1 activations against a fresh quantization; synchronizes eager streams.	cuda/mmq/ds4_mmq.cu:5963
runtime/cuda-shared	DS4_FORCE_CUDA_PEER	presence flag read once at CUDA init; unset uses automatic transfer selection; any defined value including 0 enables	Force cross-device transfers through cudaMemcpyPeerAsync for diagnostics.	ds4_cuda.cu:364
runtime/cuda-shared	DS4_FORCE_HOST_BOUNCE	presence flag read once at CUDA init; unset uses automatic transfer selection; any defined value including 0 enables	Force cross-device transfers through pinned host bounce buffers for diagnostics.	ds4_cuda.cu:365
runtime/cuda-tools	DS4_WS_REPACK_HASH	exact 1 enables; unset or every other value disables unless overridden by CLI; cached	Print a per-artifact FNV-1a hash for workspace repack identity checks.	cuda/mmq/ds4_repack.cu:530
runtime/cuda-tools	DS4_WS_REPACK_THREADS	positive integer; default min(6, hardware threads), capped at 16 and the job count	Set the CPU worker count for CUDA workspace artifact repacking.	cuda/mmq/ds4_repack.cu:539
runtime/distributed	DS4_DIST_CONNECT_BIND_HOST	non-empty string; unset/empty means no local bind constraint	Bind outgoing distributed connections to a local host/address.	ds4_distributed.c:1332
runtime/distributed	DS4_DIST_CONNECT_BIND_IF	non-empty string; unset/empty means no local bind constraint	Bind outgoing distributed connections to a network interface.	ds4_distributed.c:1334
runtime/distributed	DS4_DIST_CONNECT_TRACE	presence flag; unset=off, any set value=on	Emit trace diagnostics for dist connect trace.	ds4_distributed.c:1112
runtime/distributed	DS4_DIST_DECODE_PROFILE	presence flag; unset=off, any set value=on	Collect timing/profile diagnostics for dist decode profile.	ds4_distributed.c:753
runtime/distributed	DS4_DIST_DISABLE_PREFILL_ACK_ONLY	presence flag; unset keeps optimized/default behavior, any set value disables it	Disable/roll back dist disable prefill ack only.	ds4_distributed.c:3692
runtime/distributed	DS4_DIST_DISABLE_PREFILL_PIPELINE	presence flag; unset keeps optimized/default behavior, any set value disables it	Disable/roll back dist disable prefill pipeline.	ds4_distributed.c:3427
runtime/distributed	DS4_DIST_DISABLE_WORKER_PREFETCH	presence flag; unset keeps optimized/default behavior, any set value disables it	Disable/roll back dist disable worker prefetch.	ds4_distributed.c:7878
runtime/distributed	DS4_DIST_PREFILL_CHUNK	positive integer; unset/0 uses session prefill capacity; explicit value may not exceed capacity	Set distributed prefill chunk size.	ds4_distributed.c:3455
runtime/distributed	DS4_DIST_PREFILL_SEND_DEPTH	integer 1..8; default 2; capped to chunk count	Set coordinator prefill sender queue depth.	ds4_distributed.c:470
runtime/distributed	DS4_DIST_PREFILL_WINDOW	positive integer <=64; auto default remote stages+2 clamped 2..8 and chunk count	Set maximum distributed prefill chunks in flight.	ds4_distributed.c:3485
runtime/distributed	DS4_DIST_SOCKET_BUFFER_MB	integer 0..512 MiB; default 128; 0 disables socket buffer override	Set TCP send/receive buffer sizes.	ds4_distributed.c:712
runtime/distributed	DS4_DIST_SOCKET_RECV_TIMEOUT_SEC	Nonempty base-10 integer parsed completely; valid range 1..3600 seconds. Unset, empty, partially parsed, or out-of-range values install no SO_RCVTIMEO at all.	Optionally bound blocking receives on distributed TCP sockets; the default deliberately permits indefinitely idle control connections during separate KV transfers.	ds4_distributed.c:1049
runtime/distributed	DS4_DIST_SOCKET_TIMEOUT_SEC	Nonempty base-10 integer parsed completely; valid range 1..3600 seconds. Default 60 seconds for unset, empty, partially parsed, or out-of-range values.	Set SO_SNDTIMEO on distributed TCP sockets so blocked coordinator/worker sends eventually fail.	ds4_distributed.c:1032
runtime/distributed	DS4_DIST_WORKER_FORWARD_WINDOW	integer 1..64; default 4	Set worker forward-results window.	ds4_distributed.c:740
runtime/distributed	DS4_DIST_WORKER_PREFETCH_DEPTH	integer 1..8; default 2	Set worker input-prefetch queue depth.	ds4_distributed.c:726
runtime/dspark	DS4_DSPARK_CACHE_RESERVE_GB	integer GiB via atoi; default 4.5 GiB; values 1..32 replace it, all other values fall back; decimal/trailing text is truncated/accepted by atoi	Reserve VRAM on DSpark support-cache tiers before packing support-model tensors.	ds4.c:60035
runtime/dspark	DS4_DSPARK_DISABLE_FINAL_OUTPUT_ALIAS	presence kill switch; unset leaves the eligible path available; any defined value, including empty or 0, disables it	Disable aliasing the final DSpark stage output to the next-stage buffer and use an explicit copy.	ds4.c:33799
runtime/dspark	DS4_DSPARK_DISABLE_FUSED_CPU_MARKOV_ARGMAX	cached value-aware kill switch; default off; nonempty value other than exact 0 disables; false/off also disable because only 0 is recognized as false	Disable the fused CPU Markov-bias plus argmax implementation.	ds4.c:34502
runtime/dspark	DS4_DSPARK_DISABLE_REUSE_CONFIDENCE0_MARKOV	cached value-aware kill switch; default off; nonempty value other than exact 0 disables; false/off also disable because only 0 is recognized as false	Disable reuse of the first confidence score during Markov proposal.	ds4.c:34511
runtime/dspark	DS4_DSPARK_DISABLE_VERIFY_SELECTED_PROFILE	presence kill switch; unset leaves the eligible path available; any defined value, including empty or 0, disables it	Override and disable the selected-expert verifier profiler.	ds4.c:36675
runtime/dspark	DS4_DSPARK_EXEC_TIER	integer tier via atoi; default is placement/TP free-VRAM heuristic; valid 0..n_gpus-1 overrides; invalid numeric range falls back, but nonnumeric text becomes tier 0	Choose the GPU tier that executes and primarily caches the DSpark support model.	ds4.c:60008
runtime/dspark	DS4_DSPARK_FAKE_ARGMAX_PROPOSAL	nonempty boolean; unset/empty or exact 0: off; every other nonempty value enables, but only while DSpark itself is enabled	If the real DSpark proposer produced no draft, installs a one-token fallback proposal equal to the argmax of the current target logits; debug/test mode also selects the non-fused stage-0 setup path.	ds4.c:64546
runtime/dspark	DS4_DSPARK_LOW_MEMORY_PREFILL_CHUNK	unsigned integer rows; default 128; 0 disables the low-memory policy; invalid/overflow falls back, numeric prefixes are accepted; only consulted for Metal SSD+DSpark on <=24 GiB hosts without an explicit chunk	Set the automatic low-memory Metal prefill chunk for SSD-streamed DSpark.	ds4.c:60982
runtime/dspark	DS4_DSPARK_NO_GPU_MARKOV	presence kill switch; unset leaves the eligible path available; any defined value, including empty or 0, disables it	Disable GPU Markov bias/argmax and the fully device-resident proposal path.	ds4.c:34726
runtime/dspark	DS4_DSPARK_NO_MARKOV	cached value-aware kill switch; default off; nonempty value other than exact 0 disables Markov bias; false/off also disable	Disable Markov bias in DSpark proposal generation.	ds4.c:34493
runtime/dspark	DS4_DSPARK_PROBE	nonempty-string diagnostic; unset/empty is off, any nonempty value including 0 is on	Log DSpark proposal/probe diagnostics.	ds4.c:64543
runtime/dspark	DS4_DSPARK_PROP_PROFILE	presence flag; unset is off; any defined value, including empty or 0, is on; normal eligibility still applies	Print fine-grained timings for DSpark proposal setup.	ds4.c:32974
runtime/dspark	DS4_DSPARK_SPEC_LOG	presence flag; unset is off; any defined value, including empty or 0, is on; normal eligibility still applies	Log speculative proposal, verification, acceptance, and fallback decisions.	ds4.c:66879
runtime/dspark	DS4_DSPARK_SSD_VERIFY_BLOCK_MAX	unsigned integer rows; default/fallback 0 means automatic policy; numeric prefixes accepted; used both as verifier cap and as an exact-2 proposer-policy discriminator	Cap speculative rows verified from SSD and influence exact-2 proposal sizing.	ds4.c:52644
runtime/dspark	DS4_DSPARK_STAGE_PROFILE	presence flag; unset is off; any defined value, including empty or 0, is on; DS4_DSPARK_STAGE_PROFILE_STAGE must also match	Profile DSpark support stages with command-boundary timings.	ds4.c:33431
runtime/dspark	DS4_DSPARK_STAGE_PROFILE_STAGE	selector subordinate to DS4_DSPARK_STAGE_PROFILE; unset/empty: match every stage; otherwise strtoul base 10 must consume the whole value, fit uint32_t, and equal the current stage; invalid/out-of-range values match no stage	Restricts DSpark stage-boundary timing output to one stage; it does not enable profiling by itself.	ds4.c:33432
runtime/dspark	DS4_DSPARK_STATS	value-aware flag; default off; nonempty value other than exact 0 enables; false/off are treated as enabled	Collect and print aggregate DSpark runtime statistics.	ds4.c:61875
runtime/dspark	DS4_DSPARK_VERIFY_CACHE	presence diagnostic; unset: off; any presence including empty or 0 enables on each support-cache installation	CUDA only: copies every installed nonempty DSpark/support-cache range back to the host, byte-compares it with its source, and logs each mismatch plus a bad-count summary without changing the install result.	ds4_cuda.cu:8257
runtime/dspark	DS4_DSPARK_VERIFY_HEAD_NO_TP	presence rollback; unset: allow eligible CUDA output tensor parallelism; any presence including empty or 0 removes the TP path from eligibility	CUDA only: forces the DSpark speculative batched vocabulary head away from output-TP for correctness isolation; under CUDA TP+EP the attempt fails instead of using unavailable full output weights.	ds4.c:26656
runtime/dspark	DS4_DSPARK_VERIFY_NONCAUSAL	presence diagnostic sampled once after the first successfully submitted CUDA noncausal-attention kernel; unset: verify 0 calls; any presence including empty or 0: verify that call and the next 2	CUDA only: synchronizes and reads back Q/KV/output, computes the DSpark noncausal attention CPU reference, and logs max absolute/relative error; it reports only and does not fail the operation.	ds4_cuda.cu:21736
runtime/dspark	DS4_DSPARK_VERIFY_PROFILE	cached presence diagnostic; unset is off; any defined value including empty/0 profiles only the first eligible verifier invocation	Profile one full DSpark target-verifier invocation layer by layer.	ds4.c:36772
runtime/dspark	DS4_DSPARK_VERIFY_SELECTED_PROFILE	presence flag; unset is off; any defined value, including empty or 0, enables unless DS4_DSPARK_DISABLE_VERIFY_SELECTED_PROFILE is also present (disable wins)	Profile selected-expert streaming inside the DSpark verifier.	ds4.c:36674
runtime/dspark	DS4_DSPARK_VERIFY_SPLIT_HEAD	nonempty boolean with inverted default; unset/empty or exact 0: fused head; every other nonempty value: split head	Runs the DSpark suffix verifier output head and top-1 reduction in a separate GPU command section after the layer loop, for timing/correctness isolation; default keeps them fused into the layer command section.	ds4.c:36740
runtime/dspark	DS4_DSPARK_VERIFY_TOPS_CHECK	presence flag; unset is off; any defined value, including empty or 0, is on; normal eligibility still applies	Read back verifier logits and compare GPU top IDs with CPU argmax.	ds4.c:36888
runtime/glm	DS4_GLM_ABLATE_COMBINE	presence ablation; unset: exchange the local TP partial with the peer and add both halves; any presence including empty or 0 skips the exchange	Metal two-rank TP timing probe: doubles the local routed-MoE or split-attention partial instead of combining with the peer, deliberately producing invalid output; both ranks must set it or their exchange gates desynchronize.	ds4.c:44442
runtime/glm	DS4_GLM_ATTN_NO_LORA_VEC2	presence kill switch; unset leaves the eligible path available; any defined value, including empty or 0, disables it	Disable vectorized two-row LoRA accumulation in CUDA GLM indexed attention.	ds4_cuda.cu:34176
runtime/glm	DS4_GLM_ATTN_NO_SCORE_VEC2	presence kill switch; unset leaves the eligible path available; any defined value, including empty or 0, disables it	Disable vectorized two-row score computation in CUDA GLM indexed attention.	ds4_cuda.cu:34165
runtime/glm	DS4_GLM_ATTN_NO_STAGED_DECODE	presence kill switch; unset leaves the eligible path available; any defined value, including empty or 0, disables it	Disable staged CUDA GLM indexed-decode attention for large selected sets.	ds4_cuda.cu:34214
runtime/glm	DS4_GLM_DECODE_ABLATE	cached substring list; default empty mask; recognized tokens are attn_out, attn_core, qpath, indexer, routed, shared, qklow; unknown text has no effect; matching stages are skipped and output is invalid	Skip selected GLM decode stages for timing attribution; generated output is invalid.	ds4.c:44672
runtime/glm	DS4_GLM_DECODE_FLUSH_INTERVAL	integer layers via atoi; default 4 for indexed decode and 32 otherwise; <=0/nonnumeric disables periodic flush; capped to layer count and forced to 0 for deferred completion	Set how often non-streaming GLM decode command work is flushed between layers.	ds4.c:50079
runtime/glm	DS4_GLM_DISABLE_FLASH_PREFILL	presence kill switch; unset leaves the eligible path available; any defined value, including empty or 0, disables it	Disable GLM Flash Attention prefill.	ds4.c:45348
runtime/glm	DS4_GLM_DISABLE_STREAMING_TOKEN_PREFILL	presence kill switch; unset leaves the eligible path available; any defined value, including empty or 0, disables it; either backend-specific ROCm/Metal alias also disables	Disable token-major GLM SSD-streaming prefill.	ds4.c:49963
runtime/glm	DS4_GLM_FENCE_TRACE	presence flag; unset is off; any defined value, including empty or 0, is on; normal eligibility still applies	Log fenced CUDA tier switches used by GLM multi-GPU execution.	ds4_cuda.cu:7984
runtime/glm	DS4_GLM_GEMM_TRACE	presence flag; unset is off; any defined value, including empty or 0, is on; normal eligibility still applies	Measure and print CUDA GLM dequantization and cuBLAS GEMM timings.	ds4_cuda.cu:19706
runtime/glm	DS4_GLM_HIDDEN_DUMP	nonempty filesystem path/prefix; unset/empty disables; writes final hidden row or per-layer files selected by DS4_GLM_HIDDEN_DUMP_LAYER	Dump GLM hidden-state rows for correctness isolation.	ds4.c:38538
runtime/glm	DS4_GLM_HIDDEN_DUMP_LAYER	selector; unset/empty = -1 (no per-layer dump, final hidden still dumped when path set); all = every layer; otherwise atoi result selects a layer, so invalid text selects layer 0	Choose which GLM layer hidden states are dumped.	ds4.c:38558
runtime/glm	DS4_GLM_KV_DUMP	nonempty filesystem prefix; unset/empty disables; writes layer-0 lora and rope compact-cache files after sync	Dump layer-0 compact GLM KV cache data after prompt synchronization.	ds4.c:63399
runtime/glm	DS4_GLM_LOGIT_DUMP	nonempty filesystem path; unset/empty disables; dumps the first post-prefill logits vector once per process	Dump the first post-prefill GLM logits vector.	ds4.c:38616
runtime/glm	DS4_GLM_MEMORY_GUARD	guard is on by default; exact 0 or case-insensitive false/off/no disables it; any other value and unset keep it enabled	Control the pre-allocation GLM host/GPU memory safety guard.	ds4.c:42250
runtime/glm	DS4_GLM_MEMORY_GUARD_FRACTION	floating-point fraction; default 0.99; parsed numeric prefix is accepted, invalid/nonfinite falls back, values clamp to 0.50..1.00	Set the fraction of detected memory usable by the GLM memory guard.	ds4.c:42289
runtime/glm	DS4_GLM_MEMORY_GUARD_REPORT	nonempty diagnostic flag; unset/empty is off; any nonempty value including 0 prints successful-admission accounting (refusals always report)	Print successful GLM memory-guard budget accounting.	ds4.c:42329
runtime/glm	DS4_GLM_MEMORY_GUARD_RESERVE_GB	floating-point GiB; dynamic default (normally 32, 24 on near-full 480..640 GiB hosts, possibly lower for resident ROCm slices); numeric prefixes accepted; invalid falls back; clamp 0..1024	Set fixed headroom subtracted by the GLM memory guard.	ds4.c:42307
runtime/glm	DS4_GLM_MOE_EXPERT_MAJOR	presence selector; unset: off; any presence including empty or 0 requests the path only for n_tokens >= 16; the automatic tile-8 path takes precedence when enabled (normally n_tokens >= 128)	CUDA only: groups selected token/expert pairs by expert and uses expert-major Q2_K routed-MoE gate/up/down kernels to reuse expert weights; otherwise the normal token-major path is used.	ds4_cuda.cu:35973
runtime/glm	DS4_GLM_MOE_NO_DOWN_TILE8_EXACT	presence kill switch; unset leaves the eligible path available; any defined value, including empty or 0, disables it	Disable the exact tile-8 CUDA GLM routed-MoE down projection.	ds4_cuda.cu:36028
runtime/glm	DS4_GLM_MOE_NO_EXPERT_TILE8	presence kill switch; unset leaves the eligible path available; any defined value, including empty or 0, disables it	Disable automatic expert tile-8 CUDA GLM routed-MoE batching.	ds4_cuda.cu:35971
runtime/glm	DS4_GLM_MOE_NO_LOCAL_BATCH_IO	presence kill switch; unset leaves the eligible path available; any defined value, including empty or 0, disables it	Disable device-local batch scratch I/O for large CUDA GLM MoE batches.	ds4_cuda.cu:35942
runtime/glm	DS4_GLM_MOE_SCALAR	presence rollback; unset: use optimized warp kernels; any presence including empty or 0 selects scalar baseline kernels where an earlier expert-tile/expert-major path does not return; the special two-token MTP gate/up kernel still takes precedence	CUDA only: forces the baseline scalar Q2_K routed-MoE gate/up and down implementations for A/B or correctness testing (for two-token MTP, only the down half is forced).	ds4_cuda.cu:36154
runtime/glm	DS4_GLM_MOE_SCRATCH_TIER0	presence placement override; unset: allocate xq/midq quantization scratch on the current logical tier; any presence including empty or 0 allocates it on logical tier 0	CUDA only: pins the routed-MoE xq_scratch and midq_scratch allocations to GPU tier 0 for multi-tier placement experiments; other MoE scratch remains on the current tier.	ds4_cuda.cu:35918
runtime/glm	DS4_GLM_MTP_NO_ATTN_TOK2	presence kill switch; unset leaves the eligible path available; any defined value, including empty or 0, disables it	Disable the exact two-token CUDA GLM MTP attention kernel.	ds4_cuda.cu:34168
runtime/glm	DS4_GLM_MTP_NO_MOE_TOK2	presence kill switch; unset leaves the eligible path available; any defined value, including empty or 0, disables it	Disable the exact two-token CUDA GLM MTP routed-MoE kernel.	ds4_cuda.cu:36140
runtime/glm	DS4_GLM_MTP_NO_SHARED_TOK2	presence kill switch; unset leaves the eligible path available; any defined value, including empty or 0, disables it	Disable the exact two-token CUDA GLM MTP shared-FFN kernel.	ds4_cuda.cu:37940
runtime/glm	DS4_GLM_MTP_PROBE	presence flag; unset is off; any defined value, including empty or 0, is on; its second call site also rejects the normal batching path	Run the GLM next-N/MTP acceptance quality-and-timing probe without changing output and force probe-compatible scheduling.	ds4.c:65242
runtime/glm	DS4_GLM_PREFILL_TRUNC	nonempty value parsed by atoi (leading whitespace/sign accepted and trailing junk ignored); effective only when the resulting int is > 0 and < the current prompt length; unset/empty or a result <= 0 or >= prompt length leaves the prompt unchanged	GPU GLM debug hook: truncates the prompt before prefill/checkpoint handling so dumped prefill logits can be aligned with a CPU first-token reference.	ds4.c:63538
runtime/glm	DS4_GLM_RESUME_PREFILL_MIN	integer suffix tokens, non-ROCm builds only; default 4; parsed numeric prefixes accepted; <=0 maps to UINT32_MAX and effectively disables batched resume; ROCm build ignores it and stays at 4	Set the suffix-length crossover from token decode to batched resumed prefill.	ds4.c:38449
runtime/glm	DS4_GLM_ROUTER_SCALAR	presence rollback; unset: use the 256-thread parallel router when n_expert <= 256 (the scalar path is already automatic above 256); any presence including empty or 0 forces the scalar path	CUDA only: selects the one-active-thread-per-token sigmoid/top-k router kernel instead of the parallel shared-memory reduction, for A/B or correctness testing.	ds4_cuda.cu:36390
runtime/glm	DS4_GLM_SHARED_SPLIT	presence rollback; unset: use the fused one-token shared-expert Q8_0 gate+up+SwiGLU kernel when its shape/buffers are eligible; any presence including empty or 0 skips that fused one-token path; the earlier two-token MTP-specialized path is unaffected	CUDA only: forces shared-expert gate and up through two separate Q8_0 matmuls followed by a separate SwiGLU operation for one-token decode.	ds4_cuda.cu:37966
runtime/glm	DS4_GLM_STREAMING_DECODE_FULL_LAYER_MAP	presence compatibility alias; unset: automatic mapping; any presence including empty or 0 independently forces full-layer mapping, equivalent to the backend-specific DS4_ROCM_GLM_STREAMING_DECODE_FULL_LAYER_MAP or DS4_METAL_GLM_STREAMING_DECODE_FULL_LAYER_MAP control	Backend-neutral alias for supported GLM SSD streaming (Metal/ROCm): maps every tensor in each decode layer instead of using the decode-only map that can omit routed experts served by the expert cache; layers that already require a full map are unchanged.	ds4.c:42878
runtime/glm	DS4_GLM_STREAMING_DECODE_SYNC_EACH_LAYER	ROCm-only third-priority legacy value: a nonempty DS4_ROCM_GLM_STREAMING_DECODE_SYNC_EACH_LAYER wins, otherwise a nonempty DS4_METAL_GLM_STREAMING_DECODE_SYNC_EACH_LAYER wins, otherwise this name is read; nonempty values are true except exact 0 or case-insensitive false/off/no; unset/empty: false; non-ROCm builds always return true and ignore this name	On ROCm non-static GLM SSD decode, opts into ending/synchronizing commands after token mapping and after every layer; the default keeps ordered work alive across layer mappings. Static-map decode bypasses this control.	ds4.c:50042
runtime/glm	DS4_GLM_STREAMING_PREFILL_SYNC_EACH_LAYER	ROCm-only third-priority legacy value: a nonempty DS4_ROCM_GLM_STREAMING_PREFILL_SYNC_EACH_LAYER wins, otherwise a nonempty DS4_METAL_GLM_STREAMING_PREFILL_SYNC_EACH_LAYER wins, otherwise this name is read; nonempty values are true except exact 0 or case-insensitive false/off/no; unset/empty: false for compact prefill; full-layer prefill and non-ROCm builds always synchronize and ignore this name	On ROCm compact GLM SSD prefill, opts into ending/synchronizing commands at every layer boundary; the default carries ordered work across mappings, while full-layer expert-cache prefill always retains the boundary.	ds4.c:42658
runtime/glm	DS4_GLM_STREAMING_TOKEN_PREFILL_MAX	unsigned token limit; backend-specific ROCm/Metal variable takes precedence, generic is fallback; default 0 on ROCm and 64 otherwise; invalid/overflow falls back, numeric prefixes accepted; 0 disables token-major streaming prefill	Set the largest SSD-streaming prefill handled by the token-major decode-like path.	ds4.c:49945
runtime/glm	DS4_GLM_SYNC_TRACE	presence flag; unset is off; any defined value, including empty or 0, is on; normal eligibility still applies	Log GLM checkpoint/resume and dense-versus-indexed prefill decisions.	ds4.c:63636
runtime/glm	DS4_GLM_TP_DEBUG	presence flag; unset is off; any defined value, including empty or 0, is on; normal eligibility still applies	Print CUDA/GLM tensor-parallel dispatch, gate, selected-ID, and failure diagnostics.	ds4.c:44344
runtime/glm	DS4_GLM_TP_EXACT_PREFILL_MAX	integer suffix limit via atoi cast to uint32; default 64; nonnumeric becomes 0; negative values wrap to a very large unsigned limit	Set the maximum two-way TP suffix that uses exact token-by-token prefill.	ds4.c:63578
runtime/glm	DS4_GLM_TP_HEAD_SPLIT_MIN	cached integer token threshold via atoi; default 64; negative values clamp to 0, nonnumeric becomes 0; 0 admits all otherwise-eligible batches	Set the minimum batch size for GLM tensor-parallel output-head splitting.	ds4.c:38528
runtime/glm	DS4_GLM_VALUE_NO_TILE16	presence kill switch; unset leaves the eligible path available; any defined value, including empty or 0, disables it	Disable the CUDA GLM 16-token tiled value-projection kernel.	ds4_cuda.cu:36806
runtime/metal	DS4_METAL_ARGSORT_SOURCE	file path; unset/empty: use the in-tree Metal source file	Overrides the argsort Metal kernel source file loaded at runtime.	ds4_metal.m:4943
runtime/metal	DS4_METAL_ATTN_OUT_STAGE_PROFILE	presence diagnostic; unset: off; any value including 0 enables	Prints timing/profile diagnostics for attn out stage.	ds4.c:65434
runtime/metal	DS4_METAL_BIN_SOURCE	file path; unset/empty: use the in-tree Metal source file	Overrides the binary operations Metal kernel source file loaded at runtime.	ds4_metal.m:4952
runtime/metal	DS4_METAL_COMPRESSOR_PAIR_NR4	presence control; unset: off/default; any value including 0 enables	Selects the NR4 compressor-pair variant.	ds4_metal.m:2651
runtime/metal	DS4_METAL_CONCAT_SOURCE	file path; unset/empty: use the in-tree Metal source file	Overrides the concatenation Metal kernel source file loaded at runtime.	ds4_metal.m:4945
runtime/metal	DS4_METAL_CPY_SOURCE	file path; unset/empty: use the in-tree Metal source file	Overrides the copy Metal kernel source file loaded at runtime.	ds4_metal.m:4944
runtime/metal	DS4_METAL_DECODE_INDEXER_SPARSE_THRESHOLD	integer in {64,128,256,512,1024,2048,4096}; default 1024; invalid restores default	Sets the compressed-row crossover from dense to sparse indexed attention.	ds4.c:20367
runtime/metal	DS4_METAL_DECODE_STAGE_PROFILE	unset: off; 1/true/yes/on/all enables all layers; a layer index selects one; 0/false/no/off disables	Prints timing/profile diagnostics for decode stage.	ds4.c:17583
runtime/metal	DS4_METAL_DECODE_STAGE_PROFILE_LAYER	single unsigned layer index; unset/empty: all layers enabled by the parent profile; invalid matches no layer	Restricts the corresponding shared graph stage profiler to one layer.	ds4.c:29135
runtime/metal	DS4_METAL_DENSE_SOURCE	file path; unset/empty: use the in-tree Metal source file	Overrides the dense matmul Metal kernel source file loaded at runtime.	ds4_metal.m:4936
runtime/metal	DS4_METAL_DISABLE_AFFINE_ROPE_PAIR	presence rollback; unset: automatic/default path; any value including 0 disables	Disables affine RoPE pair.	ds4_metal.m:25171
runtime/metal	DS4_METAL_DISABLE_ATTN_OUT_HC_FUSION	nonempty boolean; unset/empty or exact 0: off; every other value: on	Disables attn out HC fusion.	ds4.c:20492
runtime/metal	DS4_METAL_DISABLE_ATTN_OUT_IDS_CACHE	presence rollback; unset: automatic/default path; any value including 0 disables	Disables attn out ids cache.	ds4_metal.m:27771
runtime/metal	DS4_METAL_DISABLE_ATTN_OUT_LOW_DIRECT	presence rollback; unset: automatic/default path; any value including 0 disables	Disables attn out low direct.	ds4_metal.m:27760
runtime/metal	DS4_METAL_DISABLE_BATCH_HC_NORM_FUSION	nonempty value other than exact 0 disables; unset/empty/0 leaves the default enabled path	Dominant rollback for batched HC norm fusion.	ds4.c:20472
runtime/metal	DS4_METAL_DISABLE_COMPRESSOR_APE_ADD	presence rollback; unset: automatic/default path; any value including 0 disables	Disables compressor APE add.	ds4_metal.m:25393
runtime/metal	DS4_METAL_DISABLE_COMPRESSOR_EXACT_POOL_RATIO4	presence rollback; unset: automatic/default path; any value including 0 disables	Disables compressor exact pool ratio4.	ds4_metal.m:26379
runtime/metal	DS4_METAL_DISABLE_COMPRESSOR_PAIR_PROJ	nonempty boolean; unset/empty or exact 0: off; every other value: on	Disables compressor pair proj.	ds4_metal.m:23248
runtime/metal	DS4_METAL_DISABLE_COMPRESSOR_QUAD_STORE	presence rollback; unset: automatic/default path; any value including 0 disables	Disables compressor quad store.	ds4.c:23549
runtime/metal	DS4_METAL_DISABLE_COMPRESSOR_RATIO4_DIRECT_POOL	presence rollback; unset: automatic/default path; any value including 0 disables	Disables compressor ratio4 direct pool.	ds4_metal.m:26245
runtime/metal	DS4_METAL_DISABLE_COMPRESSOR_RATIO4_PACK_FUSION	presence rollback; unset: automatic/default path; any value including 0 disables	Disables compressor ratio4 pack fusion.	ds4_metal.m:26199
runtime/metal	DS4_METAL_DISABLE_COMPRESSOR_STORE_ONE	presence rollback; unset: automatic/default path; any value including 0 disables	Disables compressor store one.	ds4_metal.m:23249
runtime/metal	DS4_METAL_DISABLE_CONTIG_F16_F16_COPY	value-aware boolean; unset: off; empty/1/true/yes/on enables; 0/false/no/off disables	Disables contig F16 F16 copy.	ds4_metal.m:29562
runtime/metal	DS4_METAL_DISABLE_CONTIG_F32_F16_COPY	value-aware boolean; unset: off; empty/1/true/yes/on enables; 0/false/no/off disables	Disables contig F32 F16 copy.	ds4_metal.m:29338
runtime/metal	DS4_METAL_DISABLE_DECODE_NORM_EXACT_VIEWS	presence rollback; unset: automatic/default path; any value including 0 disables	Disables decode norm exact views.	ds4_metal.m:36207
runtime/metal	DS4_METAL_DISABLE_DECODE_RAW_GATHERED_ATTN	presence rollback; unset: raw-only decode uses gathered attention; any value including 0 restores the legacy raw path	Restores the separate raw-only attention path instead of gathered staging and attention.	ds4_metal.m:32968
runtime/metal	DS4_METAL_DISABLE_DECODE_RAW_PACKED32	presence rollback; unset: raw-only gathered attention may use packed32; any value including 0 disables it for raw-only layers	Disables the packed32 reduce kernel for raw-only gathered attention while leaving compressed layers unchanged.	ds4_metal.m:31464
runtime/metal	DS4_METAL_DISABLE_DECODE_ROUTER_BIAS_EXACT_VIEWS	presence rollback; unset: automatic/default path; any value including 0 disables	Disables decode router bias exact views.	ds4_metal.m:39397
runtime/metal	DS4_METAL_DISABLE_DSPARK_CAPTURE_FUSED_LAST	nonempty boolean; unset/empty or exact 0: off; every other value: on	Disables DSpark capture fused last.	ds4.c:28376
runtime/metal	DS4_METAL_DISABLE_DSPARK_EXACTN_BATCH_HEAD	nonempty boolean; unset/empty or exact 0: off; every other value: on	Disables DSpark exactn batch head.	ds4.c:37743
runtime/metal	DS4_METAL_DISABLE_EXACT_ROWS_PERSISTENT_CACHE	nonempty boolean; unset/empty or exact 0: off; every other value: on	Disables exact rows persistent cache.	ds4_metal.m:13000
runtime/metal	DS4_METAL_DISABLE_GATHERED_KV_PAD_FUSION	presence rollback; unset: automatic/default path; any value including 0 disables	Disables gathered KV pad fusion.	ds4_metal.m:29706
runtime/metal	DS4_METAL_DISABLE_GATHERED_KV_STAGE	presence rollback; unset: automatic/default path; any value including 0 disables	Disables gathered KV stage.	ds4_metal.m:29677
runtime/metal	DS4_METAL_DISABLE_GLM_DECODE_KV_GROUP4	value-aware boolean; unset: off; empty/1/true/yes/on enables; 0/false/no/off disables	Disables GLM decode KV group4.	ds4_metal.m:36742
runtime/metal	DS4_METAL_DISABLE_GLM_QKLOW_SG	presence rollback; unset: automatic/default path; any value including 0 disables	Disables GLM qklow sg.	ds4_metal.m:37865
runtime/metal	DS4_METAL_DISABLE_GLM_STREAMING_EXPERT_EARLY_LOAD	presence rollback; unset: automatic/default path; any value including 0 disables	Disables GLM streaming expert early load.	ds4_metal.m:18058
runtime/metal	DS4_METAL_DISABLE_GLM_STREAMING_EXPERT_SPLIT	presence rollback; unset: automatic/default path; any value including 0 disables	Disables GLM streaming expert split.	ds4_metal.m:39796
runtime/metal	DS4_METAL_DISABLE_GLM_STREAMING_PREFILL_FULL_LAYER	presence rollback; unset: automatic/default path; any value including 0 disables	Disables GLM streaming prefill full layer.	ds4.c:42971
runtime/metal	DS4_METAL_DISABLE_GLM_STREAMING_PREFILL_FULL_LAYER_PREPARE	presence rollback; unset: automatic/default path; any value including 0 disables	Disables GLM streaming prefill full layer prepare.	ds4.c:42989
runtime/metal	DS4_METAL_DISABLE_GLM_STREAMING_PREFILL_SELECTED_ASYNC_LOAD	presence rollback; unset: automatic/default path; any value including 0 disables	Disables GLM streaming prefill selected async load.	ds4.c:46682
runtime/metal	DS4_METAL_DISABLE_GLM_STREAMING_SELECTED_ASYNC_LOAD	presence rollback; unset: automatic/default path; any value including 0 disables	Disables GLM streaming selected async load.	ds4.c:44590
runtime/metal	DS4_METAL_DISABLE_HC_FUSION	nonempty boolean; unset/empty or exact 0: off; every other value: on	Disables HC fusion.	ds4.c:20421
runtime/metal	DS4_METAL_DISABLE_HC_NORM_FUSION	nonempty boolean; unset/empty or exact 0: off; every other value: on	Disables HC norm fusion.	ds4.c:20465
runtime/metal	DS4_METAL_DISABLE_HC_PRODUCER_PRE_NORM_FUSE	presence rollback; unset: automatic/default path; any value including 0 disables	Disables HC producer pre norm fuse.	ds4_metal.m:46541
runtime/metal	DS4_METAL_DISABLE_HC_RMS_SCALE_PROJ	presence rollback; unset: automatic/default path; any value including 0 disables	Disables HC RMS scale proj.	ds4_metal.m:24148
runtime/metal	DS4_METAL_DISABLE_HOT_PIPELINE_STATICS	presence rollback; unset: automatic/default path; any value including 0 disables	Disables hot pipeline statics.	ds4_metal.m:2634
runtime/metal	DS4_METAL_DISABLE_INPLACE_ROPE_PAIR	presence rollback; unset: automatic/default path; any value including 0 disables	Disables inplace RoPE pair.	ds4_metal.m:25170
runtime/metal	DS4_METAL_DISABLE_IQ2_SELECTED_EXPERT_VIEWS	presence rollback; unset: automatic/default path; any value including 0 disables	Disables IQ2 selected expert views.	ds4.c:21095
runtime/metal	DS4_METAL_DISABLE_IQ2_SELECTED_SHARED_OVERLAP	presence rollback; unset: automatic/default path; any value including 0 disables	Disables IQ2 selected shared overlap.	ds4.c:21011
runtime/metal	DS4_METAL_DISABLE_IQ2_STREAM_ADDR_TABLE	presence rollback; unset: automatic/default path; any value including 0 disables	Disables IQ2 stream address table.	ds4_metal.m:42402
runtime/metal	DS4_METAL_DISABLE_IQ2_XXS_SSD_PREFILL_MM	value-aware boolean; default off; true disables and dominates ENABLE; false leaves automatic policy	Rolls grouped IQ2_XXS/Q2_K SSD-prefill MM back to sparse matvec.	ds4_metal.m:44784
runtime/metal	DS4_METAL_DISABLE_KV_FUSION	nonempty boolean; unset/empty or exact 0: off; every other value: on	Disables KV fusion.	ds4.c:20445
runtime/metal	DS4_METAL_DISABLE_M1_IQ2_MID_ONLY	presence rollback; unset: automatic/default path; any value including 0 disables	Disables M1 IQ2 mid only.	ds4_metal.m:14592
runtime/metal	DS4_METAL_DISABLE_M3_COMPRESSOR_EXACT_POOL_RATIO4	presence rollback; unset: automatic/default path; any value including 0 disables	Disables M3 compressor exact pool ratio4.	ds4_metal.m:26381
runtime/metal	DS4_METAL_DISABLE_M3_COMPRESSOR_PAIR_STATE_STORE	presence rollback; unset: automatic/default path; any value including 0 disables	Disables M3 compressor pair state store.	ds4_metal.m:23247
runtime/metal	DS4_METAL_DISABLE_M3_GATHERED_KV_STAGE	presence rollback; unset: automatic/default path; any value including 0 disables	Disables M3 gathered KV stage.	ds4_metal.m:29678
runtime/metal	DS4_METAL_DISABLE_M5_COMPRESSOR_EXACT_POOL_RATIO4	presence rollback; unset: automatic/default path; any value including 0 disables	Disables M5 compressor exact pool ratio4.	ds4_metal.m:26384
runtime/metal	DS4_METAL_DISABLE_M5_COMP_FINALIZE_FUSE	presence rollback; unset: automatic/default path; any value including 0 disables	Disables M5 comp finalize fuse.	ds4.c:23662
runtime/metal	DS4_METAL_DISABLE_M5_FLASH_ATTN_PACKED32_REDUCE	presence rollback; unset: automatic/default path; any value including 0 disables	Disables M5 flash attn packed32 reduce.	ds4_metal.m:31519
runtime/metal	DS4_METAL_DISABLE_M5_HC_NORM_MIX_CLUSTER2	presence rollback; unset: automatic/default path; any value including 0 disables	Disables M5 HC norm mix cluster2.	ds4_metal.m:46496
runtime/metal	DS4_METAL_DISABLE_M5_HC_PRODUCER_PRE_NORM_FUSE	presence rollback; unset: automatic/default path; any value including 0 disables	Disables M5 HC producer pre norm fuse.	ds4_metal.m:46548
runtime/metal	DS4_METAL_DISABLE_M5_IQ2_PAIR_PACK2	presence rollback; unset: automatic/default path; any value including 0 disables	Disables M5 IQ2 pair pack2.	ds4_metal.m:42020
runtime/metal	DS4_METAL_DISABLE_M5_PACKED_ZERO_MASK	presence rollback; unset: automatic/default path; any value including 0 disables	Disables M5 packed zero mask.	ds4_metal.m:31475
runtime/metal	DS4_METAL_DISABLE_M5_PARALLEL_FULL_FFN	presence rollback; unset: automatic/default path; any value including 0 disables	Disables M5 parallel full FFN.	ds4.c:22722
runtime/metal	DS4_METAL_DISABLE_M5_PERSISTENT_ZERO_ATTN_MASK	presence rollback; unset: automatic/default path; any value including 0 disables	Disables M5 persistent zero attn mask.	ds4_metal.m:31473
runtime/metal	DS4_METAL_DISABLE_M5_Q8_HC_VEC	presence rollback; unset: automatic/default path; any value including 0 disables	Disables M5 Q8 HC vec.	ds4_metal.m:47580
runtime/metal	DS4_METAL_DISABLE_M5_QKV_PAIR_COMPRESSOR_FUSE	presence rollback; unset: automatic/default path; any value including 0 disables	Disables M5 QKV pair compressor fuse.	ds4.c:23058
runtime/metal	DS4_METAL_DISABLE_M5_QKV_PAIR_QUAD_FUSE	presence rollback; unset: automatic/default path; any value including 0 disables	Disables M5 QKV pair quad fuse.	ds4.c:23054
runtime/metal	DS4_METAL_DISABLE_M5_ROUTER_PROJECT_SELECT_FUSE	presence rollback; unset: automatic/default path; any value including 0 disables	Disables M5 router project select fuse.	ds4.c:24777
runtime/metal	DS4_METAL_DISABLE_METAL4	value-aware boolean; unset: off; empty/1/true/yes/on enables; 0/false/no/off disables	Disables metal4.	ds4_metal.m:2995
runtime/metal	DS4_METAL_DISABLE_MOE_MM_ID_PAIR_SWIGLU	presence rollback; unset: automatic/default path; any value including 0 disables	Disables MoE MM ID pair SwiGLU.	ds4_metal.m:44968
runtime/metal	DS4_METAL_DISABLE_MOE_MM_ID_USE_RESOURCES	presence rollback; unset: automatic/default path; any value including 0 disables	Disables MoE MM ID use resources.	ds4_metal.m:35169
runtime/metal	DS4_METAL_DISABLE_MXFP4_SELECTED_EXPERT_VIEWS	presence rollback; unset: automatic/default path; any value including 0 disables	Disables MXFP4 selected expert views.	ds4.c:21188
runtime/metal	DS4_METAL_DISABLE_PERSISTENT_ZERO_ATTN_MASK	presence rollback; unset: automatic/default path; any value including 0 disables	Disables persistent zero attn mask.	ds4_metal.m:31480
runtime/metal	DS4_METAL_DISABLE_PRE_M5_ATTN_INV_ROPE_FUSE	presence rollback; unset: automatic/default path; any value including 0 disables	Disables pre M5 attn inv RoPE fuse.	ds4.c:22653
runtime/metal	DS4_METAL_DISABLE_PRE_M5_ATTN_OUT_LOW_Q8_STATIC	presence rollback; unset: exact fixed-shape kernel is automatic on eligible pre-M5 Flash decode; any value including 0 disables	Restores the generic Q8 attention-output low projection kernel.	ds4_metal.m:27987
runtime/metal	DS4_METAL_DISABLE_PRE_M5_BATCH_INDEXER_QUERY_PRUNE	presence rollback; unset: unused zero-prefix indexer queries are pruned before compressed rows exceed top-k; any value including 0 disables	Restores transient indexer query and weight dispatches during eligible pre-M5 prefill.	ds4.c:30101
runtime/metal	DS4_METAL_DISABLE_PRE_M5_COMPRESSOR_EXACT_POOL_RATIO4	presence rollback; unset: automatic/default path; any value including 0 disables	Disables pre M5 compressor exact pool ratio4.	ds4_metal.m:26383
runtime/metal	DS4_METAL_DISABLE_PRE_M5_COMPRESSOR_EXACT_REDUCTION_FUSION	presence rollback; unset: automatic/default path; any value including 0 disables	Disables pre M5 compressor exact reduction fusion.	ds4_metal.m:25907
runtime/metal	DS4_METAL_DISABLE_PRE_M5_COMPRESSOR_QUAD_STORE	presence rollback; unset: automatic/default path; any value including 0 disables	Disables pre M5 compressor quad store.	ds4.c:23550
runtime/metal	DS4_METAL_DISABLE_PRE_M5_COMPRESSOR_RATIO4_DECODE_PACK_FUSION	presence rollback; unset: automatic/default path; any value including 0 disables	Disables pre M5 compressor ratio4 decode pack fusion.	ds4_metal.m:26214
runtime/metal	DS4_METAL_DISABLE_PRE_M5_COMP_FINALIZE_FUSE	presence rollback; unset: automatic/default path; any value including 0 disables	Disables pre M5 comp finalize fuse.	ds4.c:23661
runtime/metal	DS4_METAL_DISABLE_PRE_M5_DECODE_EARLY_PIPELINE_FAST_LOOKUP	presence rollback; unset: automatic/default path; any value including 0 disables	Disables pre M5 decode early pipeline fast lookup.	ds4.c:28018
runtime/metal	DS4_METAL_DISABLE_PRE_M5_DECODE_EARLY_SECOND_SPLIT12	presence rollback; unset: automatic/default path; any value including 0 disables	Disables pre M5 decode early second split12.	ds4.c:28102
runtime/metal	DS4_METAL_DISABLE_PRE_M5_DECODE_EARLY_SPLIT3	presence rollback; unset: automatic/default path; any value including 0 disables	Disables pre M5 decode early split3.	ds4.c:27976
runtime/metal	DS4_METAL_DISABLE_PRE_M5_DECODE_EARLY_SPLIT5	presence rollback; unset: automatic/default path; any value including 0 disables	Disables pre M5 decode early split5.	ds4.c:27988
runtime/metal	DS4_METAL_DISABLE_PRE_M5_DECODE_PIPELINE_FAST_LOOKUP	presence rollback; unset: automatic/default path; any value including 0 disables	Disables pre M5 decode pipeline fast lookup.	ds4.c:28030
runtime/metal	DS4_METAL_DISABLE_PRE_M5_DECODE_PORTS	presence rollback; unset: automatic/default path; any value including 0 disables	Disables pre M5 decode ports.	ds4.c:22628
runtime/metal	DS4_METAL_DISABLE_PRE_M5_DECODE_RAW_ZERO_ATTN_MASK	presence rollback; unset: automatic/default path; any value including 0 disables	Disables pre M5 decode raw zero attn mask.	ds4_metal.m:29920
runtime/metal	DS4_METAL_DISABLE_PRE_M5_DECODE_SECOND_SPLIT16	presence rollback; unset: automatic/default path; any value including 0 disables	Disables pre M5 decode second split16.	ds4.c:28110
runtime/metal	DS4_METAL_DISABLE_PRE_M5_FLASH_ATTN_BATCHED_MEMO	presence rollback; unset: automatic/default path; any value including 0 disables	Disables pre M5 flash attn batched memo.	ds4_metal.m:3752
runtime/metal	DS4_METAL_DISABLE_PRE_M5_FLASH_ATTN_PACKED32_REDUCE	presence rollback; unset: automatic/default path; any value including 0 disables	Disables pre M5 flash attn packed32 reduce.	ds4_metal.m:31460
runtime/metal	DS4_METAL_DISABLE_PRE_M5_FLASH_ATTN_PAD_BLK_MEMO	presence rollback; unset: automatic/default path; any value including 0 disables	Disables pre M5 flash attn pad blk memo.	ds4_metal.m:3610
runtime/metal	DS4_METAL_DISABLE_PRE_M5_HC_NORM_MIX_FUSE	presence rollback; unset: automatic/default path; any value including 0 disables	Disables pre M5 HC norm mix fuse.	ds4.c:22882
runtime/metal	DS4_METAL_DISABLE_PRE_M5_HC_PRODUCER_PRE_NORM_FUSE	presence rollback; unset: automatic/default path; any value including 0 disables	Disables pre M5 HC producer pre norm fuse.	ds4_metal.m:46546
runtime/metal	DS4_METAL_DISABLE_PRE_M5_HEAD_RMS_ROPE_PIPELINE_STATIC	presence rollback; unset: automatic/default path; any value including 0 disables	Disables pre M5 head RMS RoPE pipeline static.	ds4_metal.m:10026
runtime/metal	DS4_METAL_DISABLE_PRE_M5_KV_ROPE_FP8_FUSE	presence rollback; unset: automatic/default path; any value including 0 disables	Disables pre M5 KV RoPE fp8 fuse.	ds4.c:23470
runtime/metal	DS4_METAL_DISABLE_PRE_M5_MXFP4_MM_ID_PAIR_HALF_SCALE	presence rollback; unset: automatic/default path; any value including 0 disables	Disables pre M5 MXFP4 MM ID pair half scale.	ds4_metal.m:45129
runtime/metal	DS4_METAL_DISABLE_PRE_M5_MXFP4_MOE_DECODE_FIXED_ROUTE_PAIR	presence rollback; unset: automatic/default path; any value including 0 disables	Disables pre M5 MXFP4 MoE decode fixed route pair.	ds4_metal.m:41948
runtime/metal	DS4_METAL_DISABLE_PRE_M5_MXFP4_MOE_DECODE_FIXED_ROUTE_SUM6	presence rollback; unset: automatic/default path; any value including 0 disables	Disables pre M5 MXFP4 MoE decode fixed route sum6.	ds4_metal.m:41961
runtime/metal	DS4_METAL_DISABLE_PRE_M5_MXFP4_MOE_DECODE_NSG1	presence rollback; unset: automatic/default path; any value including 0 disables	Disables pre M5 MXFP4 MoE decode nsg1.	ds4_metal.m:41719
runtime/metal	DS4_METAL_DISABLE_PRE_M5_MXFP4_MOE_DECODE_STATIC_TRIP	presence rollback; unset: automatic/default path; any value including 0 disables	Disables pre M5 MXFP4 MoE decode static trip.	ds4_metal.m:41987
runtime/metal	DS4_METAL_DISABLE_PRE_M5_MXFP4_MOE_DECODE_SUM6_FULL_ROWS	presence rollback; unset: automatic/default path; any value including 0 disables	Disables pre M5 MXFP4 MoE decode sum6 full rows.	ds4_metal.m:41974
runtime/metal	DS4_METAL_DISABLE_PRE_M5_MXFP4_MOE_DECODE_TG_MULTIPLE	presence rollback; unset: automatic/default path; any value including 0 disables	Disables pre M5 MXFP4 MoE decode tg multiple.	ds4_metal.m:41936
runtime/metal	DS4_METAL_DISABLE_PRE_M5_MXFP4_MOE_MM_ID_DOWN_HALF_LUT	presence rollback; unset: automatic/default path; any value including 0 disables	Disables pre M5 MXFP4 MoE MM ID down half lut.	ds4_metal.m:45047
runtime/metal	DS4_METAL_DISABLE_PRE_M5_MXFP4_MOE_MM_ID_DOWN_TAIL_SIMDGROUP_CULL	presence rollback; unset: automatic/default path; any value including 0 disables	Disables pre M5 MXFP4 MoE MM ID down tail simdgroup cull.	ds4_metal.m:45030
runtime/metal	DS4_METAL_DISABLE_PRE_M5_MXFP4_MOE_MM_ID_MAP_SCATTER	presence rollback; unset: automatic/default path; any value including 0 disables	Disables pre M5 MXFP4 MoE MM ID map scatter.	ds4_metal.m:44997
runtime/metal	DS4_METAL_DISABLE_PRE_M5_MXFP4_MOE_MM_ID_PAIR_SWIGLU_COMPACT_TILE	presence rollback; unset: automatic/default path; any value including 0 disables	Disables pre M5 MXFP4 MoE MM ID pair SwiGLU compact tile.	ds4_metal.m:44981
runtime/metal	DS4_METAL_DISABLE_PRE_M5_MXFP4_MOE_MM_ID_PAIR_TAIL_SIMDGROUP_CULL	presence rollback; unset: automatic/default path; any value including 0 disables	Disables pre M5 MXFP4 MoE MM ID pair tail simdgroup cull.	ds4_metal.m:45018
runtime/metal	DS4_METAL_DISABLE_PRE_M5_PARALLEL_FULL_FFN	presence rollback; unset: automatic/default path; any value including 0 disables	Disables pre M5 parallel full FFN.	ds4.c:22721
runtime/metal	DS4_METAL_DISABLE_PRE_M5_Q2_DECODE_SPLIT2_32	presence rollback; unset: automatic/default path; any value including 0 disables	Disables pre M5 q2 decode split2 32.	ds4.c:27891
runtime/metal	DS4_METAL_DISABLE_PRE_M5_QKV_NORM_KV_STORE_FUSE	presence rollback; unset: automatic/default path; any value including 0 disables	Disables pre M5 QKV norm KV store fuse.	ds4.c:23329
runtime/metal	DS4_METAL_DISABLE_PRE_M5_QKV_PAIR_COMPRESSOR_FUSE	presence rollback; unset: automatic/default path; any value including 0 disables	Disables pre M5 QKV pair compressor fuse.	ds4.c:23057
runtime/metal	DS4_METAL_DISABLE_PRE_M5_QKV_PAIR_QUAD_FUSE	presence rollback; unset: automatic/default path; any value including 0 disables	Disables pre M5 QKV pair quad fuse.	ds4.c:23053
runtime/metal	DS4_METAL_DISABLE_PRE_M5_ROUTER_SHARED_FUSE	presence rollback; unset: automatic/default path; any value including 0 disables	Disables pre M5 router shared fuse.	ds4.c:24770
runtime/metal	DS4_METAL_DISABLE_PRE_M5_ROUTER_SIMD_FINALIZE	presence rollback; unset: automatic/default path; any value including 0 disables	Disables pre M5 router simd finalize.	ds4_metal.m:35827
runtime/metal	DS4_METAL_DISABLE_PRE_M5_ROUTER_SIMD_WEIGHTS_FUSION	presence rollback; unset: automatic/default path; any value including 0 disables	Disables pre M5 router simd weights fusion.	ds4_metal.m:35836
runtime/metal	DS4_METAL_DISABLE_PRE_M5_ROUTER_TRANSFORM_FINALIZE_FUSION	presence rollback; unset: automatic/default path; any value including 0 disables	Disables pre M5 router transform finalize fusion.	ds4_metal.m:35840
runtime/metal	DS4_METAL_DISABLE_PRO_Q4_EXPERT_ADDRESS_AUTO	presence rollback; unset: automatic/default path; any value including 0 disables	Disables pro Q4 expert address auto.	ds4_metal.m:19710
runtime/metal	DS4_METAL_DISABLE_PRO_Q4_EXPERT_TABLE_AUTO	presence rollback; unset: automatic/default path; any value including 0 disables	Disables pro Q4 expert table auto.	ds4.c:21055
runtime/metal	DS4_METAL_DISABLE_PRO_Q4_EXPERT_TABLE_PRELOAD	presence rollback; unset: automatic/default path; any value including 0 disables	Disables pro Q4 expert table preload.	ds4.c:59045
runtime/metal	DS4_METAL_DISABLE_Q4_ATTN_OUT_HC_FUSE	presence rollback; unset: automatic/default path; any value including 0 disables	Disables Q4 attn out HC fuse.	ds4_metal.m:47624
runtime/metal	DS4_METAL_DISABLE_Q4_ATTN_OUT_TINY_BATCH	value-aware boolean; unset: off; empty/1/true/yes/on enables; 0/false/no/off disables	Disables Q4 attn out tiny batch.	ds4_metal.m:28396
runtime/metal	DS4_METAL_DISABLE_Q4_BATCH_EXPERT_TABLE	presence rollback; unset: automatic/default path; any value including 0 disables	Disables Q4 batch expert table.	ds4_metal.m:44883
runtime/metal	DS4_METAL_DISABLE_Q4_DENSE_PAIR	presence rollback; unset: automatic/default path; any value including 0 disables	Disables Q4 dense pair.	ds4_metal.m:21990
runtime/metal	DS4_METAL_DISABLE_Q4_EXACT_BOUNDARY	presence rollback; unset: automatic/default path; any value including 0 disables	Disables Q4 exact boundary.	ds4_metal.m:42239
runtime/metal	DS4_METAL_DISABLE_Q4_EXACT_TENSOR_ID	presence rollback; unset: automatic/default path; any value including 0 disables	Disables Q4 exact tensor ID.	ds4_metal.m:42219
runtime/metal	DS4_METAL_DISABLE_Q4_EXPERT_ADDRESS_TABLE	presence rollback; unset: automatic/default path; any value including 0 disables	Disables Q4 expert address table.	ds4_metal.m:19711
runtime/metal	DS4_METAL_DISABLE_Q4_EXPERT_TABLE	presence rollback; unset: automatic/default path; any value including 0 disables	Disables Q4 expert table.	ds4.c:21056
runtime/metal	DS4_METAL_DISABLE_Q4_GATHER_SLOTS	presence rollback; unset: automatic/default path; any value including 0 disables	Disables Q4 gather slots.	ds4_metal.m:42321
runtime/metal	DS4_METAL_DISABLE_Q4_GROUP24_EXPERT_TABLE	presence rollback; unset: automatic/default path; any value including 0 disables	Disables Q4 group24 expert table.	ds4_metal.m:42201
runtime/metal	DS4_METAL_DISABLE_Q4_GROUP6_EXPERT_TABLE	presence rollback; unset: automatic/default path; any value including 0 disables	Disables Q4 group6 expert table.	ds4_metal.m:42167
runtime/metal	DS4_METAL_DISABLE_Q4_GROUP8_EXPERT_TABLE	presence rollback; unset: automatic/default path; any value including 0 disables	Disables Q4 group8 expert table.	ds4_metal.m:42184
runtime/metal	DS4_METAL_DISABLE_Q4_GROUPED_BOUNDARY	presence rollback; unset: automatic/default path; any value including 0 disables	Disables Q4 grouped boundary.	ds4_metal.m:42149
runtime/metal	DS4_METAL_DISABLE_Q4_GROUPED_EXPERTS	presence rollback; unset: automatic/default path; any value including 0 disables	Disables Q4 grouped experts.	ds4_metal.m:42130
runtime/metal	DS4_METAL_DISABLE_Q4_MV_CLASSIC	presence rollback; unset: automatic/default path; any value including 0 disables	Disables Q4 MV classic.	ds4_metal.m:21571
runtime/metal	DS4_METAL_DISABLE_Q4_QKV_COMPRESSOR_FUSE	presence rollback; unset: automatic/default path; any value including 0 disables	Disables Q4 QKV compressor fuse.	ds4_metal.m:22083
runtime/metal	DS4_METAL_DISABLE_Q4_SELECTED_EXPERT_VIEWS	presence rollback; unset: automatic/default path; any value including 0 disables	Disables Q4 selected expert views.	ds4.c:21151
runtime/metal	DS4_METAL_DISABLE_Q4_SSD_PREFILL_ATTN_OUT_EXACTN	value-aware boolean; unset: off; empty/1/true/yes/on enables; 0/false/no/off disables	Disables Q4 SSD prefill attn out exactn.	ds4_metal.m:28095
runtime/metal	DS4_METAL_DISABLE_Q4_SSD_SESSION_UNION	nonempty boolean; unset/empty or exact 0: off; every other value: on	Disables Q4 SSD session union.	ds4.c:65443
runtime/metal	DS4_METAL_DISABLE_Q4_STREAM_OVERLAP	nonempty boolean; unset/empty or exact 0: off; every other value: on	Disables Q4 stream overlap.	ds4.c:65365
runtime/metal	DS4_METAL_DISABLE_Q4_TABLE_BOUNDARY	presence rollback; unset: automatic/default path; any value including 0 disables	Disables Q4 table boundary.	ds4_metal.m:42318
runtime/metal	DS4_METAL_DISABLE_Q8_DECODE_EXACT_VIEWS	presence rollback; unset: automatic/default path; any value including 0 disables	Disables Q8 decode exact views.	ds4_metal.m:12851
runtime/metal	DS4_METAL_DISABLE_QKV_NORM_FUSION	nonempty boolean; unset/empty or exact 0: off; every other value: on	Disables QKV norm fusion.	ds4.c:20450
runtime/metal	DS4_METAL_DISABLE_QKV_PAIR_PROJ	nonempty boolean; unset/empty or exact 0: off; every other value: on	Disables QKV pair proj.	ds4.c:20455
runtime/metal	DS4_METAL_DISABLE_QUEUE_RESIDENCY_SET	presence rollback; unset: automatic/default path; any value including 0 disables	Disables queue residency set.	ds4_metal.m:2124
runtime/metal	DS4_METAL_DISABLE_ROUTED_PAIR_SWIGLU_FUSION	presence rollback; unset: automatic/default path; any value including 0 disables	Disables routed pair SwiGLU fusion.	ds4.c:18544
runtime/metal	DS4_METAL_DISABLE_ROUTER_SELECT_FUSION	presence rollback; unset: automatic/default path; any value including 0 disables	Disables router select fusion.	ds4_metal.m:35816
runtime/metal	DS4_METAL_DISABLE_ROUTER_WEIGHTS_BATCH_FUSION	presence rollback; unset: automatic/default path; any value including 0 disables	Disables router weights batch fusion.	ds4_metal.m:36068
runtime/metal	DS4_METAL_DISABLE_SHARED_DOWN_HC_FUSION	nonempty boolean; unset/empty or exact 0: off; every other value: on	Disables shared down HC fusion.	ds4.c:20487
runtime/metal	DS4_METAL_DISABLE_SHARED_GATE_UP_SWIGLU_FUSION	presence rollback; unset: automatic/default path; any value including 0 disables	Disables shared gate up SwiGLU fusion.	ds4.c:17582
runtime/metal	DS4_METAL_DISABLE_SHARED_KV_PAD	presence rollback; unset: automatic/default path; any value including 0 disables	Disables shared KV pad.	ds4_metal.m:31510
runtime/metal	DS4_METAL_DISABLE_SHARED_ROPE_COEFF	presence rollback; unset: automatic/default path; any value including 0 disables	Disables shared RoPE coeff.	ds4_metal.m:6341
runtime/metal	DS4_METAL_DISABLE_STREAMING_COLD_DECODE_PREFILL	presence rollback; unset: automatic/default path; any value including 0 disables	Disables streaming cold decode prefill.	ds4.c:32022
runtime/metal	DS4_METAL_DISABLE_STREAMING_COMPACT_ADDR	presence rollback; unset: automatic/default path; any value including 0 disables	Disables streaming compact address.	ds4_metal.m:14598
runtime/metal	DS4_METAL_DISABLE_STREAMING_DECODE_PREFILL	presence rollback; unset: automatic/default path; any value including 0 disables	Disables streaming decode prefill.	ds4.c:31971
runtime/metal	DS4_METAL_DISABLE_STREAMING_EXPERT_ADDR_TABLE	presence rollback; unset: automatic/default path; any value including 0 disables	Disables streaming expert address table.	ds4.c:18540
runtime/metal	DS4_METAL_DISABLE_STREAMING_EXPERT_COMBINED_BUFFER	presence rollback; unset: automatic/default path; any value including 0 disables	Disables streaming expert combined buffer.	ds4_metal.m:14023
runtime/metal	DS4_METAL_DISABLE_STREAMING_EXPERT_EARLY_LOAD	presence rollback; unset: automatic/default path; any value including 0 disables	Disables streaming expert early load.	ds4_metal.m:17232
runtime/metal	DS4_METAL_DISABLE_STREAMING_EXPERT_EVICT_DONTNEED	presence rollback; unset: automatic/default path; any value including 0 disables	Disables streaming expert evict dontneed.	ds4_metal.m:14395
runtime/metal	DS4_METAL_DISABLE_STREAMING_EXPERT_HIT_VALIDATOR	presence rollback; unset: automatic/default path; any value including 0 disables	Disables streaming expert hit validator.	ds4_metal.m:14634
runtime/metal	DS4_METAL_DISABLE_STREAMING_EXPERT_HOTLIST	presence rollback; unset: automatic/default path; any value including 0 disables	Disables streaming expert hotlist.	ds4.c:21305
runtime/metal	DS4_METAL_DISABLE_STREAMING_EXPERT_LIVE_INDEX	value-aware boolean; default off; true disables and dominates ENABLE	Disables dense live-entry index and uses authoritative cache matrix.	ds4_metal.m:15443
runtime/metal	DS4_METAL_DISABLE_STREAMING_EXPERT_MASKED_ADDR	presence rollback; unset: automatic/default path; any value including 0 disables	Disables streaming expert masked address.	ds4_metal.m:14628
runtime/metal	DS4_METAL_DISABLE_STREAMING_EXPERT_READAHEAD	presence rollback; unset: automatic/default path; any value including 0 disables	Disables streaming expert readahead.	ds4_metal.m:13196
runtime/metal	DS4_METAL_DISABLE_STREAMING_EXPERT_SLABS	presence rollback; unset: automatic/default path; any value including 0 disables	Disables streaming expert slabs.	ds4_metal.m:14028
runtime/metal	DS4_METAL_DISABLE_STREAMING_EXPERT_TIMING_SUMMARY	presence rollback; unset: automatic/default path; any value including 0 disables	Disables streaming expert timing summary.	ds4_metal.m:13062
runtime/metal	DS4_METAL_DISABLE_STREAMING_FULL_EXPERT_ADDR_TABLE	presence rollback; unset: automatic/default path; any value including 0 disables	Disables streaming full expert address table.	ds4_metal.m:14716
runtime/metal	DS4_METAL_DISABLE_STREAMING_IQ2_CPU_ROUTER	presence rollback; unset: automatic/default path; any value including 0 disables	Disables streaming IQ2 CPU router.	ds4.c:20954
runtime/metal	DS4_METAL_DISABLE_STREAMING_LAYER_BATCH	presence rollback; unset: automatic/default path; any value including 0 disables	Disables streaming layer batch.	ds4.c:18254
runtime/metal	DS4_METAL_DISABLE_STREAMING_MADVISE_WILLNEED	presence rollback; unset: automatic/default path; any value including 0 disables	Disables streaming madvise willneed.	ds4.c:18227
runtime/metal	DS4_METAL_DISABLE_STREAMING_PREFILL_BATCH_SELECTED_ADDR	presence rollback; unset: automatic/default path; any value including 0 disables	Disables streaming prefill batch selected address.	ds4.c:18538
runtime/metal	DS4_METAL_DISABLE_STREAMING_PREFILL_LAYER_MADVISE	presence rollback; unset: automatic/default path; any value including 0 disables	Disables streaming prefill layer madvise.	ds4.c:18481
runtime/metal	DS4_METAL_DISABLE_STREAMING_PREFILL_LAYER_PAGEIN	presence rollback; unset: automatic/default path; any value including 0 disables	Disables streaming prefill layer pagein.	ds4.c:18449
runtime/metal	DS4_METAL_DISABLE_STREAMING_PREFILL_LAYER_PAGEIN_OVERLAP	presence rollback; unset: automatic/default path; any value including 0 disables	Disables streaming prefill layer pagein overlap.	ds4.c:19336
runtime/metal	DS4_METAL_DISABLE_STREAMING_PREFILL_LAYER_PREAD	presence rollback; unset: automatic/default path; any value including 0 disables	Disables streaming prefill layer pread.	ds4.c:18469
runtime/metal	DS4_METAL_DISABLE_STREAMING_PREFILL_LAYER_PREPARE	presence rollback; unset: automatic/default path; any value including 0 disables	Disables streaming prefill layer prepare.	ds4.c:18461
runtime/metal	DS4_METAL_DISABLE_STREAMING_PREFILL_LAYER_PREPARE_OVERLAP	presence rollback; unset: automatic/default path; any value including 0 disables	Disables streaming prefill layer prepare overlap.	ds4.c:19334
runtime/metal	DS4_METAL_DISABLE_STREAMING_PREFILL_LAYER_READAHEAD	presence rollback; unset: automatic/default path; any value including 0 disables	Disables streaming prefill layer readahead.	ds4.c:18459
runtime/metal	DS4_METAL_DISABLE_STREAMING_PREFILL_SELECTED_ASYNC_LOAD	presence rollback; unset: automatic/default path; any value including 0 disables	Disables streaming prefill selected async load.	ds4.c:46685
runtime/metal	DS4_METAL_DISABLE_STREAMING_PREFILL_SELECTED_MADVISE	presence rollback; unset: automatic/default path; any value including 0 disables	Disables streaming prefill selected madvise.	ds4.c:18439
runtime/metal	DS4_METAL_DISABLE_STREAMING_PREFILL_SELECTED_PAGEIN	presence rollback; unset: automatic/default path; any value including 0 disables	Disables streaming prefill selected pagein.	ds4.c:18429
runtime/metal	DS4_METAL_DISABLE_STREAMING_PREFILL_SELECTED_PROFILE	presence rollback; unset: automatic/default path; any value including 0 disables	Disables streaming prefill selected profile.	ds4.c:18923
runtime/metal	DS4_METAL_DISABLE_STREAMING_PREFILL_SELECTED_READAHEAD	presence rollback; unset: automatic/default path; any value including 0 disables	Disables streaming prefill selected readahead.	ds4.c:19975
runtime/metal	DS4_METAL_DISABLE_STREAMING_PREFILL_SELECTED_READAHEAD_SHARED	presence rollback; unset: automatic/default path; any value including 0 disables	Disables streaming prefill selected readahead shared.	ds4.c:19985
runtime/metal	DS4_METAL_DISABLE_STREAMING_READAHEAD	presence rollback; unset: automatic/default path; any value including 0 disables	Disables streaming readahead.	ds4.c:18220
runtime/metal	DS4_METAL_DISABLE_STREAMING_SELECTED_ASYNC_EARLY_COMMIT	presence rollback; unset: automatic/default path; any value including 0 disables	Disables streaming selected async early commit.	ds4.c:21034
runtime/metal	DS4_METAL_DISABLE_STREAMING_SELECTED_ASYNC_LOAD	presence rollback; unset: automatic/default path; any value including 0 disables	Disables streaming selected async load.	ds4.c:21018
runtime/metal	DS4_METAL_DISABLE_STREAMING_SELECTED_READAHEAD_SHARED_DELAY	presence rollback; unset: automatic/default path; any value including 0 disables	Disables streaming selected readahead shared delay.	ds4.c:21735
runtime/metal	DS4_METAL_DISABLE_STREAMING_SELECTED_SHARED_OVERLAP	presence rollback; unset: automatic/default path; any value including 0 disables	Disables streaming selected shared overlap.	ds4.c:21010
runtime/metal	DS4_METAL_DISABLE_STREAMING_STATIC_DECODE_MAP	presence rollback; unset: automatic/default path; any value including 0 disables	Disables streaming static decode map.	ds4.c:18232
runtime/metal	DS4_METAL_DISABLE_STREAMING_STATIC_MAP_STATE_CACHE	presence rollback; unset: automatic/default path; any value including 0 disables	Disables streaming static map state cache.	ds4.c:18245
runtime/metal	DS4_METAL_DISABLE_SUPPORT_Q8_DECODE_EXACT_VIEWS	presence rollback; unset: automatic/default path; any value including 0 disables	Disables support Q8 decode exact views.	ds4_metal.m:12858
runtime/metal	DS4_METAL_DISABLE_TINY_PAIR_SWIGLU_FUSION	presence rollback; unset: automatic/default path; any value including 0 disables	Disables tiny pair SwiGLU fusion.	ds4_metal.m:44920
runtime/metal	DS4_METAL_DISABLE_TOKEN_EMBED_EXACT_VIEW	presence rollback; unset: automatic/default path; any value including 0 disables	Disables token embed exact view.	ds4_metal.m:11907
runtime/metal	DS4_METAL_DISABLE_ZERO_PREFIX_PREFILL_MASK_CACHE	presence rollback; unset: automatic/default path; any value including 0 disables	Disables zero prefix prefill mask cache.	ds4_metal.m:2404
runtime/metal	DS4_METAL_DSPARK_ACCEPTANCE_ONLY_VERIFY	nonempty boolean; unset/empty or exact 0: off; every other value: on	Verifies only the draft rows still needed for acceptance after the base target logit.	ds4.c:52763
runtime/metal	DS4_METAL_DSPARK_DEVICE_PROPOSER	boolean true values enable; false values/unset disable; NO_DEVICE_PROPOSER presence dominates	Keeps DSpark Q8 confidence/Markov proposal work on Metal and reads one compact result.	ds4.c:34899
runtime/metal	DS4_METAL_DSPARK_EXACT2	nonempty boolean; unset/empty or exact 0: off; every other value: on	Enables the resident single-GPU Metal exact-2 verifier.	ds4.c:52554
runtime/metal	DS4_METAL_DSPARK_EXACTN	nonempty boolean; unset/empty or exact 0: off; every other value: on	Enables the single-GPU Metal exact-N verifier.	ds4.c:52575
runtime/metal	DS4_METAL_DSPARK_EXACTN_BATCH_HEAD	nonempty boolean; unset/empty or exact 0: off; every other value: on	Batches the output head across exact-N verifier rows.	ds4.c:37741
runtime/metal	DS4_METAL_DSPARK_EXACTN_UNION	nonempty boolean; unset/empty or exact 0: off; every other value: on	Loads the union of experts for exact-N verifier rows once.	ds4.c:52596
runtime/metal	DS4_METAL_DSPARK_EXACT_ROWS_ASYNC_TAILS	presence control; unset: off/default; any value including 0 enables	Runs exact-row routed tails asynchronously after union routing.	ds4.c:37947
runtime/metal	DS4_METAL_DSPARK_EXACT_ROWS_PROFILE	presence diagnostic; unset: off; any value including 0 enables	Prints timing/profile diagnostics for DSpark exact rows.	ds4.c:37945
runtime/metal	DS4_METAL_DSPARK_HEADLESS_REPLAY	unset/empty: enabled; exact 0 disables; every other nonempty value enables	Skips output heads for accepted intermediate DSpark replay tokens.	ds4.c:52743
runtime/metal	DS4_METAL_DSPARK_NO_DEVICE_PROPOSER	presence rollback; unset: automatic/default path; any value including 0 disables	Dominant presence-based rollback for the Metal DSpark device proposer.	ds4.c:34901
runtime/metal	DS4_METAL_DSPARK_PIN_MAIN_PROJ	nonempty value other than exact 0 enables; unset/empty/0 disables	mlock-pins only DSpark stage-0 main_norm/main_proj in Metal SSD streaming.	ds4.c:39460
runtime/metal	DS4_METAL_DSPARK_PROPOSER_BLOCK_MAX	uint32; unset: automatic cache/verifier cap; 0 or invalid: native width; positive: clamped to DSpark/native maximum	Caps rows proposed by single-device Metal DSpark.	ds4.c:52694
runtime/metal	DS4_METAL_DSPARK_SAFE_EXPERT_COUNT	exact 1 enables; unset or any other value disables	Caps an explicit expert-count cache request to the safe Metal working-set budget for DSpark SSD streaming.	ds4.c:4880
runtime/metal	DS4_METAL_DSV4_HC_SOURCE	file path; unset/empty: use the in-tree Metal source file	Overrides the DeepSeek hidden-context Metal kernel source file loaded at runtime.	ds4_metal.m:4938
runtime/metal	DS4_METAL_DSV4_KV_SOURCE	file path; unset/empty: use the in-tree Metal source file	Overrides the DeepSeek KV Metal kernel source file loaded at runtime.	ds4_metal.m:4940
runtime/metal	DS4_METAL_DSV4_MISC_SOURCE	file path; unset/empty: use the in-tree Metal source file	Overrides the DeepSeek miscellaneous Metal kernel source file loaded at runtime.	ds4_metal.m:4942
runtime/metal	DS4_METAL_DSV4_ROPE_SOURCE	file path; unset/empty: use the in-tree Metal source file	Overrides the DeepSeek RoPE Metal kernel source file loaded at runtime.	ds4_metal.m:4941
runtime/metal	DS4_METAL_DUMP_PREFILL_LOGITS	file path; unset/empty: no dump	Writes final GPU prefill logits as f32 binary.	ds4.c:51608
runtime/metal	DS4_METAL_ENABLE_BATCH_HC_NORM_FUSION	legacy value-aware alias; default enabled; exact 0 disables; unset/empty/every other value enables unless DISABLE is active	Legacy control for the now-default batched HC norm fusion.	ds4.c:20477
runtime/metal	DS4_METAL_ENABLE_COMPRESSOR_EXACT_POOL_RATIO4	presence opt-in; unset: off/automatic; any value including 0 enables	Enables compressor exact pool ratio4.	ds4_metal.m:26385
runtime/metal	DS4_METAL_ENABLE_COMPRESSOR_PAIR_STATE_STORE	presence opt-in; unset: off/automatic; any value including 0 enables	Enables compressor pair state store.	ds4_metal.m:23243
runtime/metal	DS4_METAL_ENABLE_COMPRESSOR_QUAD_STORE	presence opt-in; unset: off/automatic; any value including 0 enables	Enables compressor quad store.	ds4.c:23542
runtime/metal	DS4_METAL_ENABLE_DSPARK_CAPTURE_FUSED_LAST	nonempty boolean; unset/empty or exact 0: off; every other value: on	Enables DSpark capture fused last.	ds4.c:28374
runtime/metal	DS4_METAL_ENABLE_GATHERED_KV_STAGE	presence opt-in; unset: off/automatic; any value including 0 enables	Enables gathered KV stage.	ds4_metal.m:29675
runtime/metal	DS4_METAL_ENABLE_GLM_STREAMING_SELECTED_ASYNC_LOAD	presence opt-in; unset: off/automatic; any value including 0 enables	Enables GLM streaming selected async load.	ds4.c:44596
runtime/metal	DS4_METAL_ENABLE_HC_NORM_MIX_FUSE	presence opt-in; unset: off/automatic; any value including 0 enables	Enables HC norm mix fuse.	ds4.c:22885
runtime/metal	DS4_METAL_ENABLE_HC_PRODUCER_PRE_NORM_FUSE	presence opt-in; unset: off/automatic; any value including 0 enables	Enables HC producer pre norm fuse.	ds4_metal.m:46552
runtime/metal	DS4_METAL_ENABLE_IQ2_SELECTED_ASYNC_EARLY_COMMIT	presence opt-in; unset: off/automatic; any value including 0 enables	Enables IQ2 selected async early commit.	ds4.c:21033
runtime/metal	DS4_METAL_ENABLE_IQ2_XXS_SSD_PREFILL_MM	value-aware boolean; default automatic/on for eligible shape; explicit 0 turns request off unless REQUIRE=1	Overrides automatic IQ2_XXS/Q2_K grouped address-MM selection for SSD prefill.	ds4_metal.m:44780
runtime/metal	DS4_METAL_ENABLE_PRO_Q4_EXPERT_ADDRESS_AUTO	presence opt-in; unset: off/automatic; any value including 0 enables	Enables pro Q4 expert address auto.	ds4.c:20997
runtime/metal	DS4_METAL_ENABLE_PRO_Q4_EXPERT_TABLE_AUTO	presence opt-in; unset: off/automatic; any value including 0 enables	Enables pro Q4 expert table auto.	ds4.c:20996
runtime/metal	DS4_METAL_ENABLE_PRO_Q4_SELECTED_EXPERT_VIEWS	presence opt-in; unset: off/automatic; any value including 0 enables	Enables pro Q4 selected expert views.	ds4.c:20993
runtime/metal	DS4_METAL_ENABLE_Q4_ATTN_OUT_TINY_BATCH	value-aware boolean; unset: off; empty/1/true/yes/on enables; 0/false/no/off disables	Enables Q4 attn out tiny batch.	ds4_metal.m:28405
runtime/metal	DS4_METAL_ENABLE_Q4_BATCH_EXPERT_TABLE	presence opt-in; unset: off/automatic; any value including 0 enables	Enables Q4 batch expert table.	ds4_metal.m:44869
runtime/metal	DS4_METAL_ENABLE_Q4_EXACT_TENSOR_ID	presence opt-in; unset: off/automatic; any value including 0 enables	Enables Q4 exact tensor ID.	ds4_metal.m:42218
runtime/metal	DS4_METAL_ENABLE_Q4_EXPERT_ADDRESS_TABLE	presence opt-in; unset: off/automatic; any value including 0 enables	Enables Q4 expert address table.	ds4.c:20995
runtime/metal	DS4_METAL_ENABLE_Q4_EXPERT_TABLE	presence opt-in; unset: off/automatic; any value including 0 enables	Enables Q4 expert table.	ds4.c:20994
runtime/metal	DS4_METAL_ENABLE_Q4_GATHER_SLOTS	presence opt-in; unset: off/automatic; any value including 0 enables	Enables Q4 gather slots.	ds4_metal.m:42320
runtime/metal	DS4_METAL_ENABLE_Q4_GROUP24_EXPERT_TABLE	presence opt-in; unset: off/automatic; any value including 0 enables	Enables Q4 group24 expert table.	ds4_metal.m:42200
runtime/metal	DS4_METAL_ENABLE_Q4_GROUP6_EXPERT_TABLE	presence opt-in; unset: off/automatic; any value including 0 enables	Enables Q4 group6 expert table.	ds4_metal.m:42166
runtime/metal	DS4_METAL_ENABLE_Q4_GROUP8_EXPERT_TABLE	presence opt-in; unset: off/automatic; any value including 0 enables	Enables Q4 group8 expert table.	ds4_metal.m:42183
runtime/metal	DS4_METAL_ENABLE_Q4_GROUPED_EXPERTS	presence opt-in; unset: off/automatic; any value including 0 enables	Enables Q4 grouped experts.	ds4_metal.m:42129
runtime/metal	DS4_METAL_ENABLE_Q4_QKV_COMPRESSOR_FUSE	presence opt-in; unset: off/automatic; any value including 0 enables	Enables Q4 QKV compressor fuse.	ds4.c:23155
runtime/metal	DS4_METAL_ENABLE_Q4_SELECTED_EXPERT_VIEWS	presence opt-in; unset: off/automatic; any value including 0 enables	Enables Q4 selected expert views.	ds4.c:20992
runtime/metal	DS4_METAL_ENABLE_Q4_SSD_PREFILL_ATTN_OUT_EXACTN	value-aware boolean; unset: off; empty/1/true/yes/on enables; 0/false/no/off disables	Enables Q4 SSD prefill attn out exactn.	ds4_metal.m:28097
runtime/metal	DS4_METAL_ENABLE_Q4_SSD_SESSION_UNION	nonempty boolean; unset/empty or exact 0: off; every other value: on	Enables Q4 SSD session union.	ds4.c:65454
runtime/metal	DS4_METAL_ENABLE_Q4_STREAM_OVERLAP	nonempty boolean; unset/empty or exact 0: off; every other value: on	Enables Q4 stream overlap.	ds4.c:65363
runtime/metal	DS4_METAL_ENABLE_Q8_DECODE_EXACT_VIEWS	presence opt-in; unset: off/automatic; any value including 0 enables	Enables Q8 decode exact views.	ds4_metal.m:12865
runtime/metal	DS4_METAL_ENABLE_Q8_QKV_COMPRESSOR_FUSE	nonempty boolean; unset/empty/exact 0: no streamed/union opt-in; other values enable; eligible resident full-decode remains automatic	Extends the automatic resident Q8 QKV/compressor compound fusion to SSD streaming or exact-N union scope.	ds4.c:23042
runtime/metal	DS4_METAL_ENABLE_STREAMING_COMPACT_ADDR	presence opt-in; unset: off/automatic; any value including 0 enables	Enables streaming compact address.	ds4_metal.m:14597
runtime/metal	DS4_METAL_ENABLE_STREAMING_EXPERT_ADDR_TABLE	presence opt-in; unset: off/automatic; any value including 0 enables	Enables streaming expert address table.	ds4_metal.m:14604
runtime/metal	DS4_METAL_ENABLE_STREAMING_EXPERT_EVICT_DONTNEED	presence opt-in; unset: off/automatic; any value including 0 enables	Enables streaming expert evict dontneed.	ds4_metal.m:14394
runtime/metal	DS4_METAL_ENABLE_STREAMING_EXPERT_HIT_VALIDATOR	presence opt-in; unset: off/automatic; any value including 0 enables	Enables streaming expert hit validator.	ds4_metal.m:14605
runtime/metal	DS4_METAL_ENABLE_STREAMING_EXPERT_LIVE_INDEX	value-aware boolean; default automatic/on for validated IQ2 cache shape; explicit 0 disables	Overrides automatic dense live-entry index selection.	ds4_metal.m:15442
runtime/metal	DS4_METAL_ENABLE_STREAMING_EXPERT_MASKED_ADDR	presence opt-in; unset: off/automatic; any value including 0 enables	Enables streaming expert masked address.	ds4_metal.m:14606
runtime/metal	DS4_METAL_ENABLE_STREAMING_FULL_EXPERT_ADDR_TABLE	presence opt-in; unset: off/automatic; any value including 0 enables	Enables streaming full expert address table.	ds4_metal.m:14715
runtime/metal	DS4_METAL_ENABLE_STREAMING_IQ2_CPU_ROUTER	presence opt-in; unset: off/automatic; any value including 0 enables	Enables streaming IQ2 CPU router.	ds4.c:20953
runtime/metal	DS4_METAL_ENABLE_STREAMING_MADVISE_WILLNEED	presence opt-in; unset: off/automatic; any value including 0 enables	Enables streaming madvise willneed.	ds4.c:18225
runtime/metal	DS4_METAL_ENABLE_STREAMING_PREFILL_BATCH_SELECTED_ADDR	presence opt-in; unset: off/automatic; any value including 0 enables	Enables streaming prefill batch selected address.	ds4_metal.m:14609
runtime/metal	DS4_METAL_ENABLE_STREAMING_PREFILL_CACHE_SEED	presence opt-in; unset: off/automatic; any value including 0 enables	Enables streaming prefill cache seed.	ds4.c:21274
runtime/metal	DS4_METAL_ENABLE_STREAMING_PREFILL_EXPERT_READAHEAD	value-aware boolean; for batches <32 readahead is automatic; for batches >=32 unset/false disables and true enables; global READHEAD rollback and F_NOCACHE still dominate	Restores F_RDADVISE immediately before parallel pread for large SSD-prefill batches.	ds4_metal.m:13212
runtime/metal	DS4_METAL_ENABLE_STREAMING_PREFILL_LAYER_PAGEIN	presence opt-in; unset: off/automatic; any value including 0 enables	Enables streaming prefill layer pagein.	ds4.c:18447
runtime/metal	DS4_METAL_ENABLE_STREAMING_PREFILL_LAYER_READAHEAD	presence opt-in; unset: off/automatic; any value including 0 enables	Enables streaming prefill layer readahead.	ds4.c:18457
runtime/metal	DS4_METAL_ENABLE_STREAMING_PREFILL_SELECTED_MADVISE	presence opt-in; unset: off/automatic; any value including 0 enables	Enables streaming prefill selected madvise.	ds4.c:18437
runtime/metal	DS4_METAL_ENABLE_STREAMING_PREFILL_SELECTED_PAGEIN	presence opt-in; unset: off/automatic; any value including 0 enables	Enables streaming prefill selected pagein.	ds4.c:18427
runtime/metal	DS4_METAL_ENABLE_STREAMING_PREFILL_SELECTED_READAHEAD	presence opt-in; unset: off/automatic; any value including 0 enables	Enables streaming prefill selected readahead.	ds4.c:19971
runtime/metal	DS4_METAL_ENABLE_STREAMING_PREFILL_SELECTED_READAHEAD_SHARED	presence opt-in; unset: off/automatic; any value including 0 enables	Enables streaming prefill selected readahead shared.	ds4.c:19973
runtime/metal	DS4_METAL_ENABLE_STREAMING_READAHEAD	presence opt-in; unset: off/automatic; any value including 0 enables	Enables streaming readahead.	ds4.c:18218
runtime/metal	DS4_METAL_ENABLE_STREAMING_SELECTED_READAHEAD_SHARED_DELAY	presence opt-in; unset: off/automatic; any value including 0 enables	Enables streaming selected readahead shared delay.	ds4.c:21734
runtime/metal	DS4_METAL_ENABLE_STREAMING_STATIC_DECODE_MAP	presence opt-in; unset: off/automatic; any value including 0 enables	Enables streaming static decode map.	ds4.c:18237
runtime/metal	DS4_METAL_ENABLE_TOKEN_EMBED_EXACT_VIEW	presence opt-in; unset: off/automatic; any value including 0 enables	Enables token embed exact view.	ds4_metal.m:12219
runtime/metal	DS4_METAL_EXACT_VIEW_CACHE_GIB	unsigned GiB; default 64; 0 disables size-triggered eviction; MIB overrides it	Sets the cached exact-model-view eviction threshold.	ds4_metal.m:1333
runtime/metal	DS4_METAL_EXACT_VIEW_CACHE_MIB	unsigned MiB; unset: inherit GIB/default; 0 disables size-triggered eviction; overrides GIB	Sets the cached exact-model-view eviction threshold with MiB precision.	ds4_metal.m:1342
runtime/metal	DS4_METAL_EXACT_VIEW_CACHE_PROFILE	presence diagnostic; unset: off; any value including 0 enables	Prints timing/profile diagnostics for exact view cache.	ds4_metal.m:1377
runtime/metal	DS4_METAL_FLASH_ATTN_SOURCE	file path; unset/empty: use the in-tree Metal source file	Overrides the FlashAttention Metal kernel source file loaded at runtime.	ds4_metal.m:4935
runtime/metal	DS4_METAL_FLASH_ATTN_STAGE_PROFILE	presence diagnostic; unset: off; any value including 0 enables	Prints timing/profile diagnostics for flash attn stage.	ds4.c:65435
runtime/metal	DS4_METAL_FLASH_ATTN_STAGE_PROFILE_FILTER	substring; unset/empty: all profiled modes/stages	Filters FlashAttention stage-profile output by mode or stage substring.	ds4_metal.m:11178
runtime/metal	DS4_METAL_GET_ROWS_SOURCE	file path; unset/empty: use the in-tree Metal source file	Overrides the get-rows Metal kernel source file loaded at runtime.	ds4_metal.m:4946
runtime/metal	DS4_METAL_GLM_DISABLE_STREAMING_EXPERT_CACHE	presence rollback; unset: automatic/default path; any value including 0 disables	Disables streaming expert cache for GLM.	ds4_metal.m:39667
runtime/metal	DS4_METAL_GLM_DISABLE_STREAMING_GROUPED_ADDR_PREFILL	presence rollback; unset: automatic/default path; any value including 0 disables	Disables streaming grouped address prefill for GLM.	ds4_metal.m:41081
runtime/metal	DS4_METAL_GLM_DISABLE_STREAMING_SEED_BEFORE_PREFILL	presence rollback; unset: automatic/default path; any value including 0 disables	Disables streaming seed before prefill for GLM.	ds4.c:51335
runtime/metal	DS4_METAL_GLM_DISABLE_STREAMING_TOKEN_PREFILL	presence rollback; unset: automatic/default path; any value including 0 disables	Disables streaming token prefill for GLM.	ds4.c:49965
runtime/metal	DS4_METAL_GLM_MOE_ONE_STAGE_PROFILE	unset: off; 1/true/yes/on/all enables all layers; accepts layer lists/ranges; 0/false/no/off disables	Prints timing/profile diagnostics for GLM MoE one stage.	ds4_metal.m:39964
runtime/metal	DS4_METAL_GLM_MOE_ONE_STAGE_PROFILE_LAYER	layer index/list/ranges or all; unset: all layers selected by profiler	Restricts GLM one-stage MoE profiling to selected layers.	ds4_metal.m:39965
runtime/metal	DS4_METAL_GLM_MOE_STAGE_PROFILE_FILTER	substring; unset/empty: all profiled stages	Filters GLM MoE stage-profile output.	ds4_metal.m:39968
runtime/metal	DS4_METAL_GLM_QKLOW_DEBUG	presence diagnostic; unset: off; any value including 0 enables	Enables debug diagnostics for GLM qklow.	ds4_metal.m:37868
runtime/metal	DS4_METAL_GLM_STREAMING_ASYNC_PROFILE	presence diagnostic; unset: off; any value including 0 enables	Prints timing/profile diagnostics for GLM streaming async.	ds4.c:44623
runtime/metal	DS4_METAL_GLM_STREAMING_DECODE_FULL_LAYER_MAP	presence control; unset: off/default; any value including 0 enables	Maps complete GLM layers during SSD-streaming decode instead of decode-only spans.	ds4.c:42877
runtime/metal	DS4_METAL_GLM_STREAMING_DECODE_SYNC_EACH_LAYER	boolean text; Metal runtime always synchronizes and does not consult it; legacy fallback name read only in ROCm builds	Controls per-layer GLM streaming decode synchronization only as a legacy ROCm fallback alias.	ds4.c:50041
runtime/metal	DS4_METAL_GLM_STREAMING_PREFILL_FULL_LAYER	presence control; unset: off/default; any value including 0 enables	Forces full-layer GLM SSD prefill regardless of the token crossover.	ds4_metal.m:14710
runtime/metal	DS4_METAL_GLM_STREAMING_PREFILL_FULL_LAYER_MIN_TOKENS	positive uint32; default 64 on Metal, 1024 when used as ROCm fallback; 0/invalid restores default	Sets the token crossover for GLM full-layer SSD prefill.	ds4.c:42954
runtime/metal	DS4_METAL_GLM_STREAMING_PREFILL_SYNC_EACH_LAYER	boolean text; Metal runtime always synchronizes and does not consult it; legacy fallback name read only in ROCm builds	Controls per-layer GLM streaming prefill synchronization only as a legacy ROCm fallback alias.	ds4.c:42657
runtime/metal	DS4_METAL_GLM_STREAMING_TOKEN_PREFILL_MAX	uint32; default 64 on Metal, 0 when used as ROCm fallback; 0 disables; invalid restores default	Sets largest GLM SSD prefill handled token-major by the decode graph.	ds4.c:49944
runtime/metal	DS4_METAL_GLU_SOURCE	file path; unset/empty: use the in-tree Metal source file	Overrides the GLU Metal kernel source file loaded at runtime.	ds4_metal.m:4950
runtime/metal	DS4_METAL_GPU_BATCH_EMBED_MIN	uint32 token threshold; default 512; invalid restores default	Sets the batch size at which prompt embedding moves from CPU upload to Metal kernels.	ds4.c:28882
runtime/metal	DS4_METAL_GPU_BUSY_PROFILE	presence diagnostic; unset: off; any value including 0 enables	Prints timing/profile diagnostics for GPU busy.	ds4_metal.m:1293
runtime/metal	DS4_METAL_GRAPH_DUMP_LAYER	unsigned layer index or all; unset: every layer	Restricts graph tensor dumps to one layer.	ds4.c:16878
runtime/metal	DS4_METAL_GRAPH_DUMP_LOGITS	file path; unset/empty: no graph-logit dump	Writes Metal graph-test logits as f32 binary.	ds4.c:39095
runtime/metal	DS4_METAL_GRAPH_DUMP_NAME	substring; unset/empty: every tensor name	Restricts graph tensor dumps by tensor-name substring.	ds4.c:16874
runtime/metal	DS4_METAL_GRAPH_DUMP_POS	unsigned token position; unset: every position	Restricts graph tensor dumps to one token position.	ds4.c:16885
runtime/metal	DS4_METAL_GRAPH_DUMP_PREFIX	path/prefix; unset/empty: tensor dumping disabled	Enables graph tensor dumps and supplies the filename prefix.	ds4.c:65431
runtime/metal	DS4_METAL_GRAPH_DUMP_TRACE	presence diagnostic; unset: off; any value including 0 enables	Emits trace diagnostics for graph dump.	ds4.c:16915
runtime/metal	DS4_METAL_GRAPH_OUTPUT_ROW	zero-based row smaller than current batch; default final row; invalid restores final row	Chooses which prefill output row is projected to logits.	ds4.c:35861
runtime/metal	DS4_METAL_GRAPH_PREFILL_PROFILE	presence diagnostic; unset: off; any value including 0 enables	Prints timing/profile diagnostics for graph prefill.	ds4.c:35538
runtime/metal	DS4_METAL_GRAPH_PREFILL_SPLIT_PROFILE	presence diagnostic; unset: off; any value including 0 enables	Prints timing/profile diagnostics for graph prefill split.	ds4.c:66487
runtime/metal	DS4_METAL_GRAPH_PROMPT_TOKENS	integer 1..prompt length; default full prompt	Limits prompt length used by the Metal graph parity test.	ds4.c:39038
runtime/metal	DS4_METAL_GRAPH_RAW_CAP	positive rows; default from SWA window+prefill; clamped to [raw_window,min(ctx,8192)]	Overrides raw sliding-window KV ring capacity.	ds4.c:38405
runtime/metal	DS4_METAL_GRAPH_TEACHER_FORCE	presence control; unset: off/default; any value including 0 enables	Feeds CPU reference state back into the first-token graph trace at each layer.	ds4.c:27757
runtime/metal	DS4_METAL_GRAPH_TOKEN_PROFILE	presence diagnostic; unset: off; any value including 0 enables	Prints timing/profile diagnostics for graph token.	ds4.c:32397
runtime/metal	DS4_METAL_GRAPH_TOKEN_SECOND_SPLIT_LAYERS	integer 0..layer count; default 0 plus eligible automatic pre-M5 schedules; explicit value wins	Overrides second command-buffer split layer for token decode.	ds4.c:28044
runtime/metal	DS4_METAL_GRAPH_TOKEN_SPLIT_LAYERS	integer 0..layer count; default 4 on Apple and 0 elsewhere, with eligible pre-M5 adaptive override	Overrides first command-buffer split layer for token decode.	ds4.c:27930
runtime/metal	DS4_METAL_GRAPH_TRACE_CACHE	presence control; unset: off/default; any value including 0 enables	Prints raw KV cache parity diagnostics in the graph prompt test.	ds4.c:39107
runtime/metal	DS4_METAL_GRAPH_TRACE_COMP	presence control; unset: off/default; any value including 0 enables	Prints compressed-cache parity diagnostics in the graph prompt test.	ds4.c:39108
runtime/metal	DS4_METAL_GRAPH_TRACE_LAYERS	presence control; unset: off/default; any value including 0 enables	Enables per-layer first-token CPU/GPU graph tracing.	ds4.c:27754
runtime/metal	DS4_METAL_GRAPH_TRACE_STAGE_LAYER	signed layer index; unset gives -1/no stage-layer selection	Selects the layer used by first-token stage tracing.	ds4.c:27758
runtime/metal	DS4_METAL_HC_NORM_FUSION_CHECK	nonempty boolean; unset/empty or exact 0: off; every other value: on	Compares fused HC normalization against the reference result.	ds4.c:20536
runtime/metal	DS4_METAL_HC_NORM_FUSION_CHECK_TOL	positive finite float; default 2e-4; invalid/nonpositive restores default	Sets the numerical tolerance for the HC norm-fusion oracle.	ds4.c:20545
runtime/metal	DS4_METAL_HC_STABLE	boolean empty/1/true/yes/on vs 0/false/no/off; default on	Compiles stable hidden-context drift arithmetic into the Metal library.	ds4_metal.m:7047
runtime/metal	DS4_METAL_INDEXER_STAGE_PROFILE	presence diagnostic; unset: off; any value including 0 enables	Prints timing/profile diagnostics for indexer stage.	ds4.c:17584
runtime/metal	DS4_METAL_IQ2_XXS_SSD_PREFILL_MM_STATS	value-aware boolean; unset: off; empty/1/true/yes/on enables; 0/false/no/off disables	Collects/prints statistics for IQ2 XXS SSD prefill MM.	ds4_metal.m:6980
runtime/metal	DS4_METAL_KV_RAW_F32	boolean empty/1/true/yes/on vs 0/false/no/off; default off	Compiles raw KV storage as F32 for drift diagnosis.	ds4_metal.m:7049
runtime/metal	DS4_METAL_LAYER_STAGE_PROFILE	unset: off; 1/true/yes/on/all enables all layers; a layer index selects one; 0/false/no/off disables	Prints timing/profile diagnostics for layer stage.	ds4.c:65433
runtime/metal	DS4_METAL_LAYER_STAGE_PROFILE_LAYER	single unsigned layer index; unset/empty: all layers enabled by the parent profile; invalid matches no layer	Restricts the corresponding shared graph stage profiler to one layer.	ds4.c:29124
runtime/metal	DS4_METAL_MATH_SAFE	boolean empty/1/true/yes/on vs 0/false/no/off; default off	Compiles Metal shaders with strict/safe IEEE math instead of fast math.	ds4_metal.m:7051
runtime/metal	DS4_METAL_MEMORY_REPORT	presence control; unset: off/default; any value including 0 enables	Prints Metal allocation/cache/residency memory reports.	ds4.c:39062
runtime/metal	DS4_METAL_MODEL_UNTRACKED	presence control; unset: off/default; any value including 0 enables	Creates mapped model buffers with untracked Metal hazard tracking.	ds4_metal.m:1547
runtime/metal	DS4_METAL_MODEL_VIEW_MAX_GIB	positive integer GiB; default device maximum (128-GiB cap for already-split span maps); cannot exceed device maximum	Caps each no-copy mapped Metal model view.	ds4_metal.m:2216
runtime/metal	DS4_METAL_MODEL_WARMUP_STRIDE_KB	integer 1..1048576 KiB, at least one page; unset inherits MB/default; overrides STRIDE_MB	Sets the model-view warmup touch stride with KiB precision.	ds4_metal.m:3057
runtime/metal	DS4_METAL_MODEL_WARMUP_STRIDE_MB	integer 1..1024 MiB; default 1 MiB; STRIDE_KB overrides	Sets the model-view warmup touch stride.	ds4_metal.m:3049
runtime/metal	DS4_METAL_MOE_MM_ID_USE_RESOURCES	presence control; unset: off/default; any value including 0 enables	Declares MM-ID MoE resource usage explicitly on the command encoder.	ds4_metal.m:35168
runtime/metal	DS4_METAL_MOE_ONE_STAGE_PROFILE	unset: off; 1/true/yes/on/all enables all layers; accepts layer lists/ranges; 0/false/no/off disables	Prints timing/profile diagnostics for MoE one stage.	ds4.c:22729
runtime/metal	DS4_METAL_MOE_ONE_STAGE_PROFILE_LAYER	layer index/list/ranges or all; unset: all profiler-selected layers	Restricts one-stage MoE profiling to selected layers.	ds4_metal.m:43436
runtime/metal	DS4_METAL_MOE_SOURCE	file path; unset/empty: use the in-tree Metal source file	Overrides the MoE Metal kernel source file loaded at runtime.	ds4_metal.m:4937
runtime/metal	DS4_METAL_MOE_STAGE_PROFILE	unset: off; 1/true/yes/on/all enables all layers; accepts layer lists/ranges; 0/false/no/off disables	Prints timing/profile diagnostics for MoE stage.	ds4.c:65437
runtime/metal	DS4_METAL_MOE_STAGE_PROFILE_FILTER	substring; unset/empty: all profiled stages	Filters MoE stage-profile output.	ds4_metal.m:43438
runtime/metal	DS4_METAL_MOE_STAGE_PROFILE_LAYER	layer index/list/ranges or all; unset: all profiler-selected layers	Restricts batched MoE stage profiling to selected layers.	ds4_metal.m:45346
runtime/metal	DS4_METAL_MOE_WRITE_CLAMPED_ACT	presence control; unset: off/default; any value including 0 enables	Makes routed MoE write the clamped activation diagnostic.	ds4.c:18542
runtime/metal	DS4_METAL_NORM_RSQRT_DISABLE	boolean empty/1/true/yes/on vs 0/false/no/off; default on	Compiles unified normalization-rsqrt arithmetic into the Metal library.	ds4_metal.m:7048
runtime/metal	DS4_METAL_NORM_SOURCE	file path; unset/empty: use the in-tree Metal source file	Overrides the normalization Metal kernel source file loaded at runtime.	ds4_metal.m:4951
runtime/metal	DS4_METAL_NO_MODEL_WARMUP	presence rollback; unset: automatic/default path; any value including 0 disables	Disables model warmup.	ds4_metal.m:2309
runtime/metal	DS4_METAL_NO_PREFILL_KERNEL_WARMUP	presence rollback; unset: automatic/default path; any value including 0 disables	Disables prefill kernel warmup.	ds4.c:28980
runtime/metal	DS4_METAL_NO_RESIDENCY	presence rollback; unset: automatic/default path; any value including 0 disables	Disables residency.	ds4_metal.m:2092
runtime/metal	DS4_METAL_OUTPUT_STAGE_PROFILE	presence diagnostic; unset: off; any value including 0 enables	Prints timing/profile diagnostics for output stage.	ds4.c:17585
runtime/metal	DS4_METAL_PREFILL_CHUNK	positive token count used only when CLI chunk is absent; default full prompt, or 4096 for long non-PRO and 8192 for long PRO prompts; <=0 keeps automatic/full prompt	Provides the historical environment fallback for prefill chunk size.	ds4.c:12802
runtime/metal	DS4_METAL_PRO_Q4_CPU_ROUTER	nonempty boolean; unset/empty or exact 0: off; every other value: on	Uses the CPU router for PRO Q4 selected-expert decode.	ds4.c:20949
runtime/metal	DS4_METAL_PRO_Q4_CPU_ROUTER_PROFILE	presence diagnostic; unset: off; any value including 0 enables	Prints timing/profile diagnostics for pro Q4 CPU router.	ds4.c:21659
runtime/metal	DS4_METAL_Q4_ADDR_USE_RESOURCES	presence control; unset: off/default; any value including 0 enables	Declares Q4 address-table resources explicitly on encoders.	ds4_metal.m:20259
runtime/metal	DS4_METAL_Q4_EXPERT_GROUP_SIZE	positive uint32; default 32; clamped to total expert count	Sets experts processed per grouped Q4 dispatch.	ds4_metal.m:34088
runtime/metal	DS4_METAL_Q4_EXPERT_TABLE_GROUP_SIZE	integer 2..total experts; default/invalid 1 (ungrouped)	Sets grouped exact-view width while building Q4 expert tables.	ds4_metal.m:19604
runtime/metal	DS4_METAL_Q4_EXPERT_TABLE_PROFILE	presence diagnostic; unset: off; any value including 0 enables	Prints timing/profile diagnostics for Q4 expert table.	ds4_metal.m:20103
runtime/metal	DS4_METAL_Q4_GROUP24_BASE_VIEWS	presence control; unset: off/default; any value including 0 enables	Uses broad base model views for Q4 group-24 instead of exact views.	ds4_metal.m:42205
runtime/metal	DS4_METAL_Q4_GROUP24_EXACT_VIEWS	presence control; unset: off/default; any value including 0 enables	Uses exact mapped views for Q4 group-24 experts.	ds4_metal.m:42204
runtime/metal	DS4_METAL_Q4_GROUPED_CACHE_VIEWS	presence control; unset: off/default; any value including 0 enables	Caches exact Q4 grouped expert views.	ds4_metal.m:42151
runtime/metal	DS4_METAL_Q4_PRO_MAP_GROUPS	positive divisor of 384 in 1..384; default/invalid 1	Splits each 384-expert PRO Q4 tensor into this many mapped views.	ds4.c:6276
runtime/metal	DS4_METAL_Q4_SELECTED_EXACT_VIEWS	presence control; unset: off/default; any value including 0 enables	Forces exact/cached views for selected Q4 experts instead of base views.	ds4_metal.m:42528
runtime/metal	DS4_METAL_Q4_SELECTED_OVERLAP_SHARED	nonempty boolean; unset/empty or exact 0: off; every other value: on	Overlaps selected Q4 expert preparation with the shared expert.	ds4.c:20977
runtime/metal	DS4_METAL_Q4_SELECTED_PROFILE	presence diagnostic; unset: off; any value including 0 enables	Prints timing/profile diagnostics for Q4 selected.	ds4.c:37959
runtime/metal	DS4_METAL_Q4_SELECTED_PROFILE_LAYER	single nonnegative layer index; unset: every layer	Restricts legacy Q4 selected-expert profiling to one layer.	ds4_metal.m:42509
runtime/metal	DS4_METAL_Q4_SELECTED_SHARED_EVENT	presence control; unset: off/default; any value including 0 enables	Coordinates selected Q4 work with a shared Metal event.	ds4_metal.m:42524
runtime/metal	DS4_METAL_Q4_SELECTED_TRANSIENT_VIEWS	presence control; unset: off/default; any value including 0 enables	Uses transient exact views for selected Q4 experts.	ds4_metal.m:42532
runtime/metal	DS4_METAL_Q4_SELECTED_USE_BASE_VIEWS	presence control; unset: off/default; any value including 0 enables	Uses broad base model views for selected Q4 experts.	ds4_metal.m:42527
runtime/metal	DS4_METAL_Q4_TABLE_BIND_ANCHORS	presence control; unset: off/default; any value including 0 enables	Binds anchor buffers alongside the Q4 expert address table.	ds4_metal.m:19716
runtime/metal	DS4_METAL_Q4_TABLE_MODEL_RESIDENCY_SET	presence control; unset: off/default; any value including 0 enables	Adds Q4 expert table allocations to the model residency set.	ds4_metal.m:19657
runtime/metal	DS4_METAL_Q4_TABLE_PER_TENSOR_RESIDENCY_SET	presence control; unset: off/default; any value including 0 enables	Builds separate residency sets per Q4 expert tensor.	ds4_metal.m:19760
runtime/metal	DS4_METAL_Q4_TABLE_QUEUE_RESIDENCY_SET	presence control; unset: off/default; any value including 0 enables	Attaches Q4 expert table residency sets to command queues.	ds4_metal.m:19615
runtime/metal	DS4_METAL_Q4_TABLE_RESIDENCY_SET	presence control; unset: off/default; any value including 0 enables	Enables Q4 expert table residency-set handling.	ds4_metal.m:19759
runtime/metal	DS4_METAL_Q4_TABLE_USE_RESOURCES	presence control; unset: off/default; any value including 0 enables	Declares Q4 table resources explicitly on encoders.	ds4_metal.m:20258
runtime/metal	DS4_METAL_Q8_DECODE_EXACT_VIEW_MAX_MIB	integer 1..4096 MiB; default 1024; above max clamps, below min/invalid restores default	Caps weight ranges eligible for Q8 exact model views.	ds4_metal.m:12876
runtime/metal	DS4_METAL_Q8_MV_EXT_MAX_TOKENS	integer 2..128; default 16; above max clamps, below min/invalid restores default	Sets largest batch handled by extended Q8 matvec.	ds4_metal.m:21126
runtime/metal	DS4_METAL_Q8_MV_NSG	integer 1..8 simdgroups; default 4, or 2 with TP world=2; above max clamps, below min/invalid restores default	Overrides simdgroups per Q8 matvec threadgroup.	ds4.c:22745
runtime/metal	DS4_METAL_Q8_PREFILL_PROFILE	value-aware boolean; unset: off; empty/1/true/yes/on enables; 0/false/no/off disables	Prints timing/profile diagnostics for Q8 prefill.	ds4_metal.m:21280
runtime/metal	DS4_METAL_Q8_PREFILL_PROFILE_FILTER	substring matched against generated operation label; unset/empty: all eligible calls	Filters Q8 prefill profiling.	ds4_metal.m:21295
runtime/metal	DS4_METAL_Q_STAGE_PROFILE	presence diagnostic; unset: off; any value including 0 enables	Prints timing/profile diagnostics for q stage.	ds4.c:29285
runtime/metal	DS4_METAL_REPEAT_SOURCE	file path; unset/empty: use the in-tree Metal source file	Overrides the repeat Metal kernel source file loaded at runtime.	ds4_metal.m:4949
runtime/metal	DS4_METAL_REQUIRE_COMPRESSOR_EXACT_POOL_RATIO4	presence strict check; unset: fallback allowed; any value including 0 requires the path	Requires compressor exact pool ratio4 and makes eligible fallback fail closed.	ds4_metal.m:26387
runtime/metal	DS4_METAL_REQUIRE_EXACT_ROWS_PERSISTENT_CACHE	nonempty boolean; unset/empty or exact 0: off; every other value: on	Requires exact rows persistent cache and makes eligible fallback fail closed.	ds4_metal.m:13002
runtime/metal	DS4_METAL_REQUIRE_GATHERED_KV_STAGE	presence strict check; unset: fallback allowed; any value including 0 requires the path	Requires gathered KV stage and makes eligible fallback fail closed.	ds4_metal.m:29680
runtime/metal	DS4_METAL_REQUIRE_IQ2_XXS_SSD_PREFILL_MM	value-aware boolean; default implicit fail-closed only with complete selected-address domain; explicit 1 is strict, 0 permits fallback	Makes eligible IQ2_XXS/Q2_K grouped SSD-prefill MM fail closed.	ds4_metal.m:44782
runtime/metal	DS4_METAL_REQUIRE_M1_IQ2_MID_ONLY	presence strict check; unset: fallback allowed; any value including 0 requires the path	Requires M1 IQ2 mid only and makes eligible fallback fail closed.	ds4_metal.m:42074
runtime/metal	DS4_METAL_REQUIRE_OUTPUT_HC_WEIGHTS4	presence strict check; unset: fallback allowed; any value including 0 requires the path	Requires output HC weights4 and makes eligible fallback fail closed.	ds4_metal.m:46789
runtime/metal	DS4_METAL_REQUIRE_Q4_ATTN_OUT_TINY_BATCH	value-aware boolean; unset: off; empty/1/true/yes/on enables; 0/false/no/off disables	Requires Q4 attn out tiny batch and makes eligible fallback fail closed.	ds4_metal.m:28373
runtime/metal	DS4_METAL_REQUIRE_Q4_SSD_PREFILL_ATTN_OUT_EXACTN	value-aware boolean; unset: off; empty/1/true/yes/on enables; 0/false/no/off disables	Requires Q4 SSD prefill attn out exactn and makes eligible fallback fail closed.	ds4_metal.m:28089
runtime/metal	DS4_METAL_REQUIRE_Q4_SSD_SESSION_UNION	nonempty boolean; unset/empty or exact 0: off; every other value: on	Requires Q4 SSD session union and makes eligible fallback fail closed.	ds4.c:65447
runtime/metal	DS4_METAL_REQUIRE_Q8_QKV_COMPRESSOR_FUSE	nonempty boolean; unset/empty/exact 0: fallback allowed; other values require and imply the streamed/union enable	Requires eligible Q8 QKV/compressor compound fusion and fails closed.	ds4.c:23038
runtime/metal	DS4_METAL_RESUME_PREFILL_MIN	integer token threshold; default 4; <=0 disables resume-prefill	Sets the minimum shared-prefix suffix that uses batched resume-prefill.	ds4.c:38434
runtime/metal	DS4_METAL_ROPE_EXP2_LOG2	boolean empty/1/true/yes/on vs 0/false/no/off; default off	Compiles the exp2/log2 RoPE drift variant.	ds4_metal.m:7050
runtime/metal	DS4_METAL_SELECTED_PROFILE	presence diagnostic; unset: off; any value including 0 enables	Prints timing/profile diagnostics for selected.	ds4.c:37958
runtime/metal	DS4_METAL_SELECTED_PROFILE_LAYER	single nonnegative layer index; unset: every layer	Restricts selected-expert profiling to one layer.	ds4_metal.m:42507
runtime/metal	DS4_METAL_SESSION_BATCH_LOG	presence diagnostic; unset: off; any value including 0 enables	Logs session batch decisions.	ds4.c:66451
runtime/metal	DS4_METAL_SESSION_BATCH_QKV	default enabled; exact 0 disables; every other value/unset leaves enabled	Controls native batched QKV work for multi-session decode.	ds4.c:65765
runtime/metal	DS4_METAL_SESSION_BATCH_SHARED	default enabled; exact 0 disables; every other value/unset leaves enabled	Controls native batched shared-expert work for multi-session decode.	ds4.c:65715
runtime/metal	DS4_METAL_SET_ROWS_SOURCE	file path; unset/empty: use the in-tree Metal source file	Overrides the set-rows Metal kernel source file loaded at runtime.	ds4_metal.m:4953
runtime/metal	DS4_METAL_SOFTMAX_SOURCE	file path; unset/empty: use the in-tree Metal source file	Overrides the softmax Metal kernel source file loaded at runtime.	ds4_metal.m:4948
runtime/metal	DS4_METAL_STREAMING_DECODE_PREFILL_MAX	integer token maximum; default 64 for wide Flash Q4/MXFP4, 18 for other PRO/Flash, 0 otherwise; <=0 disables	Sets maximum SSD-streaming micro-prefill width that reuses decode.	ds4.c:31977
runtime/metal	DS4_METAL_STREAMING_EXPERT_AUTO_PRELOAD_CAP	uint32 expert cap; default 4096; 0 means unlimited; invalid restores default	Caps automatic streaming-expert hotlist preload.	ds4.c:21470
runtime/metal	DS4_METAL_STREAMING_EXPERT_BUFFER_MLOCK_PROFILE	presence diagnostic; unset: off; any value including 0 enables	Prints timing/profile diagnostics for streaming expert buffer mlock.	ds4_metal.m:13997
runtime/metal	DS4_METAL_STREAMING_EXPERT_EARLY_LOAD_PROFILE	presence diagnostic; unset: off; any value including 0 enables	Prints timing/profile diagnostics for streaming expert early load.	ds4_metal.m:17059
runtime/metal	DS4_METAL_STREAMING_EXPERT_EVICT_DONTNEED_PROFILE	presence diagnostic; unset: off; any value including 0 enables	Prints timing/profile diagnostics for streaming expert evict dontneed.	ds4_metal.m:14436
runtime/metal	DS4_METAL_STREAMING_EXPERT_HOTLIST	hotlist file path; unset/empty: built-in model hotlist	Loads the streaming-expert preload order from a file.	ds4.c:21510
runtime/metal	DS4_METAL_STREAMING_EXPERT_HOTLIST_PROFILE	presence diagnostic; unset: off; any value including 0 enables	Prints timing/profile diagnostics for streaming expert hotlist.	ds4.c:32260
runtime/metal	DS4_METAL_STREAMING_EXPERT_LAYER_STATS	presence diagnostic; unset: off; any value including 0 enables	Collects/prints statistics for streaming expert layer.	ds4_metal.m:4638
runtime/metal	DS4_METAL_STREAMING_EXPERT_LAYER_STATS_DELTA	presence control; unset: off/default; any value including 0 enables	Prints delta statistics for streaming expert layer.	ds4_metal.m:4675
runtime/metal	DS4_METAL_STREAMING_EXPERT_NOCACHE	nonempty value whose first character is not 0 enables; unset/empty/0 disables	Uses a reopened F_NOCACHE descriptor for SSD expert preads.	ds4_metal.m:12602
runtime/metal	DS4_METAL_STREAMING_EXPERT_PREAD_POOL	default enabled; exact 0 disables; every other value/unset keeps enabled	Controls reuse of persistent expert-pread worker threads.	ds4_metal.m:13433
runtime/metal	DS4_METAL_STREAMING_EXPERT_PREAD_PROFILE	presence diagnostic; unset: off; any value including 0 enables	Prints timing/profile diagnostics for streaming expert pread.	ds4_metal.m:17005
runtime/metal	DS4_METAL_STREAMING_EXPERT_PREAD_SPLIT	integer clamped 1..8; unset: automatic 1 below 64 cache experts, 4 at 64+	Sets aligned requests per expert pread.	ds4_metal.m:13701
runtime/metal	DS4_METAL_STREAMING_EXPERT_PREAD_THREADS	unsigned integer clamped 1..18; default 9; invalid restores 9	Sets expert-pread worker limit.	ds4_metal.m:13337
runtime/metal	DS4_METAL_STREAMING_EXPERT_PROFILE_SUMMARY	presence diagnostic; unset: off; any value including 0 enables	Prints timing/profile diagnostics for streaming expert.	ds4_metal.m:13061
runtime/metal	DS4_METAL_STREAMING_EXPERT_SLAB_MB	positive unsigned MiB; default 4096; 0/invalid restores default	Sets target allocation size for streaming-expert slabs.	ds4_metal.m:14039
runtime/metal	DS4_METAL_STREAMING_EXPERT_SPLIT_PROFILE	presence diagnostic; unset: off; any value including 0 enables	Prints timing/profile diagnostics for streaming expert split.	ds4_metal.m:43810
runtime/metal	DS4_METAL_STREAMING_EXPERT_TIMING_SUMMARY	presence control; unset: off/default; any value including 0 enables	Prints timing/profile diagnostics for streaming expert.	ds4_metal.m:13060
runtime/metal	DS4_METAL_STREAMING_IQ2_CPU_ROUTER_PROFILE	presence diagnostic; unset: off; any value including 0 enables	Prints timing/profile diagnostics for streaming IQ2 CPU router.	ds4.c:21660
runtime/metal	DS4_METAL_STREAMING_MAP_TRACE	nonempty value other than exact 0 enables; unset/empty/0 disables	Emits SSD model-map decisions.	ds4_metal.m:4849
runtime/metal	DS4_METAL_STREAMING_PREFILL_BATCH_SELECTED_ADDR_MAX	integer token maximum; default 800 for 384 experts, 760 for 256, 0 otherwise; <=0 disables automatic selection	Sets automatic maximum batch width for selected-address SSD prefill.	ds4_metal.m:14639
runtime/metal	DS4_METAL_STREAMING_PREFILL_BATCH_SELECTED_ADDR_MIN	integer token minimum; default 2 for 256/384 experts, 0 otherwise; <=0 disables automatic selection	Sets automatic minimum batch width for selected-address SSD prefill.	ds4_metal.m:14656
runtime/metal	DS4_METAL_STREAMING_PREFILL_BATCH_SELECTED_ADDR_PROFILE	presence diagnostic; unset: off; any value including 0 enables	Prints timing/profile diagnostics for streaming prefill batch selected address.	ds4_metal.m:18493
runtime/metal	DS4_METAL_STREAMING_PREFILL_CACHE_SEED_K	uint32 seed rows; default 1; 0 disables; above 64 clamps to 64	Sets how many prefill routing rows seed the decode expert cache.	ds4.c:21283
runtime/metal	DS4_METAL_STREAMING_PREFILL_CACHE_SEED_PROFILE	presence diagnostic; unset: off; any value including 0 enables	Prints timing/profile diagnostics for streaming prefill cache seed.	ds4_metal.m:17899
runtime/metal	DS4_METAL_STREAMING_PREFILL_LAYER_MADVISE_PROFILE	presence diagnostic; unset: off; any value including 0 enables	Prints timing/profile diagnostics for streaming prefill layer madvise.	ds4.c:19625
runtime/metal	DS4_METAL_STREAMING_PREFILL_LAYER_PAGEIN_NO_OVERLAP	presence rollback; unset: automatic/default path; any value including 0 disables	Prevents full-layer page-in preparation from overlapping compute.	ds4.c:19332
runtime/metal	DS4_METAL_STREAMING_PREFILL_LAYER_PAGEIN_PROFILE	presence diagnostic; unset: off; any value including 0 enables	Prints timing/profile diagnostics for streaming prefill layer pagein.	ds4.c:19621
runtime/metal	DS4_METAL_STREAMING_PREFILL_LAYER_PAGEIN_THREADS	integer 1..16; default 8; invalid/0 becomes 1; PREPARE_THREADS takes precedence	Sets worker count for full-layer page-in preparation.	ds4.c:19290
runtime/metal	DS4_METAL_STREAMING_PREFILL_LAYER_PREAD_PROFILE	presence diagnostic; unset: off; any value including 0 enables	Prints timing/profile diagnostics for streaming prefill layer pread.	ds4.c:19623
runtime/metal	DS4_METAL_STREAMING_PREFILL_LAYER_PREPARE_AHEAD	integer 1..4 layers; default 1; invalid/0 becomes 1	Sets number of future layers prepared concurrently.	ds4.c:19344
runtime/metal	DS4_METAL_STREAMING_PREFILL_LAYER_PREPARE_NO_OVERLAP	presence rollback; unset: automatic/default path; any value including 0 disables	Prevents generic full-layer preparation from overlapping compute.	ds4.c:19330
runtime/metal	DS4_METAL_STREAMING_PREFILL_LAYER_PREPARE_THREADS	integer 1..16; default 8; invalid/0 becomes 1; preferred over PAGEIN_THREADS	Sets worker count for full-layer preparation.	ds4.c:19286
runtime/metal	DS4_METAL_STREAMING_PREFILL_LAYER_READAHEAD_PROFILE	presence diagnostic; unset: off; any value including 0 enables	Prints timing/profile diagnostics for streaming prefill layer readahead.	ds4.c:19627
runtime/metal	DS4_METAL_STREAMING_PREFILL_SELECTED_MADVISE_PROFILE	presence diagnostic; unset: off; any value including 0 enables	Prints timing/profile diagnostics for streaming prefill selected madvise.	ds4.c:19371
runtime/metal	DS4_METAL_STREAMING_PREFILL_SELECTED_MADVISE_THREADS	integer 1..16; default inherits layer prepare threads; invalid/0 becomes 1; PREPARE_THREADS preferred	Sets worker count for selected-expert madvise preparation.	ds4.c:19308
runtime/metal	DS4_METAL_STREAMING_PREFILL_SELECTED_PAGEIN_PROFILE	presence diagnostic; unset: off; any value including 0 enables	Prints timing/profile diagnostics for streaming prefill selected pagein.	ds4.c:19369
runtime/metal	DS4_METAL_STREAMING_PREFILL_SELECTED_PREPARE_GAP	integer 0..8 layers; default 0; above 8 clamps; invalid restores 0	Sets lookahead gap for selected-expert preparation.	ds4.c:19320
runtime/metal	DS4_METAL_STREAMING_PREFILL_SELECTED_PREPARE_THREADS	integer 1..16 for madvise preparation; default inherits layer prepare threads; invalid/0 becomes 1	Sets worker count for selected-expert preparation.	ds4.c:19304
runtime/metal	DS4_METAL_STREAMING_PREFILL_SELECTED_PROFILE	presence diagnostic; unset: off; any value including 0 enables	Prints timing/profile diagnostics for streaming prefill selected.	ds4.c:18921
runtime/metal	DS4_METAL_STREAMING_PREFILL_SELECTED_READAHEAD_GAP	integer 0..8 layers; default 0; above 8 clamps; invalid restores 0	Sets lookahead gap for selected-expert readahead.	ds4.c:19993
runtime/metal	DS4_METAL_STREAMING_PREFILL_SELECTED_READAHEAD_PROFILE	presence diagnostic; unset: off; any value including 0 enables	Prints timing/profile diagnostics for streaming prefill selected readahead.	ds4.c:20078
runtime/metal	DS4_METAL_STREAMING_SELECTED_READAHEAD_PROFILE	presence diagnostic; unset: off; any value including 0 enables	Prints timing/profile diagnostics for streaming selected readahead.	ds4.c:21752
runtime/metal	DS4_METAL_SUM_ROWS_SOURCE	file path; unset/empty: use the in-tree Metal source file	Overrides the sum-rows Metal kernel source file loaded at runtime.	ds4_metal.m:4947
runtime/metal	DS4_METAL_TEST_POISON_COMPRESSOR_EXACT_REDUCTION_SCRATCH	internal test presence flag; unset: off; any value including 0 poisons scratch before the exact reduction	Validates that compressor exact-reduction kernels overwrite all scratch state.	ds4_metal.m:25925
runtime/metal	DS4_METAL_TP_SESSION_BATCH	default enabled; exact 0 disables; every other value/unset leaves enabled	Controls batched session evaluation with Metal TP.	ds4.c:65593
runtime/metal	DS4_METAL_TRACE_ALLOCS	presence diagnostic; unset: off; any value including 0 enables	Emits trace diagnostics for allocs.	ds4_metal.m:4057
runtime/metal	DS4_METAL_TRACE_M5_FLASH_ATTN_PACKED32_REDUCE	presence diagnostic; unset: off; any value including 0 enables	Emits trace diagnostics for M5 flash attn packed32 reduce.	ds4_metal.m:31535
runtime/metal	DS4_METAL_UNARY_SOURCE	file path; unset/empty: use the in-tree Metal source file	Overrides the unary operations Metal kernel source file loaded at runtime.	ds4_metal.m:4939
runtime/metal	DS4_METAL_UNRETAINED_COMMAND_BUFFERS	presence control; unset: off/default; any value including 0 enables	Creates Metal command buffers with unretained references.	ds4_metal.m:1315
runtime/metal	DS4_METAL_USE_QUEUE_RESIDENCY_SET	presence control; unset: off/default; any value including 0 enables	Allows queue-residency state to trigger Q4 expert address/table paths.	ds4_metal.m:42280
runtime/moe-debug	DS4_MOE_RECORD_SELECTED_HOTLIST	nonempty output path; unset=off	Record per-layer selected-expert hit counts to a Metal hotlist file.	ds4_metal.m:1741
runtime/moe-debug	DS4_MOE_RECORD_SELECTED_HOTLIST_FRESH	presence flag; only relevant with HOTLIST; overrides MERGE	Start the selected-expert hotlist from empty state.	ds4_metal.m:1642
runtime/moe-debug	DS4_MOE_RECORD_SELECTED_HOTLIST_MERGE	presence flag; active only when FRESH is absent	Merge an existing selected-expert hotlist before recording.	ds4_metal.m:1641
runtime/moe-debug	DS4_MOE_RECORD_SELECTED_IDS	nonempty output path; unset=off	Record routed-MoE six-expert selections; also disables incompatible optimized paths.	ds4.c:65573
runtime/moe-debug	DS4_MOE_REPLAY_SELECTED_IDS	nonempty input path; unset=off	Replay routed-MoE six-expert selections; also disables incompatible optimized paths.	ds4.c:25323
runtime/mtp	DS4_MTP_BATCH_VERIFY	Pure presence flag: any defined value, including empty or "0", suppresses the exact two-row decode verifier. Unset selects exact decode-2 when draft_n==2 and either strict mode is active or the build is ROCm; other cases already use the generic verifier.	Diagnostic rollback from the exact Q8/one-token-equivalent MTP decode-2 verifier to the generic microbatch verifier.	ds4.c:71647
runtime/mtp	DS4_MTP_CAPTURE_PREFIX1	Pure presence flag. In the generic verifier with exactly two drafts it enables prefix-1 state capture under strict mode; non-strict mode already captures prefix-1 without the variable. Unset under strict mode instead snapshots and replays a partial acceptance.	Let a one-of-two MTP partial acceptance commit the verifier's captured prefix directly, avoiding an exact one-token replay.	ds4.c:71760
runtime/mtp	DS4_MTP_CONF_LOG	Pure presence flag; default off. It forces materialization of full draft logits, computes the top-2 margin, and after a successful generic microbatch verification prints drafted/committed counts, top candidates, margin, target-next and draft-next. Exact decode-2 success does not emit that generic log line.	Inspect MTP draft confidence and compare the recursive draft token with the target verifier result.	ds4.c:71526
runtime/mtp	DS4_MTP_EXACT_REPLAY	Pure presence flag; default off. In the generic microbatch verifier it forces a pre-verifier frontier snapshot; after verification the snapshot is restored and every accepted draft is decoded sequentially to rebuild exact final state/logits.	Validate MTP acceptance while committing through the normal one-token decode path rather than retaining batched-verifier state.	ds4.c:71765
runtime/mtp	DS4_MTP_FORCE_SNAPSHOT	Pure presence flag; default off. It forces a speculative-frontier snapshot before the generic verifier regardless of draft count or prefix-capture mode; it does not by itself force restoration or replay after a successful full acceptance.	Measure/debug snapshot behavior and guarantee a restorable pre-verifier frontier for generic MTP verification.	ds4.c:71769
runtime/mtp	DS4_MTP_FULL_LOGITS	Pure presence flag; default off. When set, legacy and recursive MTP draft calls write the full vocabulary logits to s->mtp_logits; unset permits the faster top-token-only output unless confidence/margin logic independently needs logits.	Force full MTP draft-logit materialization for correctness comparison, inspection, or downstream confidence calculations.	ds4.c:64528
runtime/mtp	DS4_MTP_MIN_MARGIN	non-negative float; default engine --mtp-margin value	Set confidence margin threshold for speculative MTP verification.	ds4.c:71519
runtime/mtp	DS4_MTP_PROBE	Pure presence flag; default off. For legacy MTP it prepares drafts even when configured depth<=1, compares the previous draft with the next committed token, and prints cumulative hit counts/failures; generated output is unchanged.	Measure legacy MTP next-token draft accuracy without enabling speculative acceptance.	ds4.c:65273
runtime/mtp	DS4_MTP_SPEC_DISABLE	Pure presence flag: any defined value, including empty or "0", disables MTP speculative argmax in CLI/chat/server loops. Unset permits it for greedy temperature<=0 generation with draft depth>1; unrelated split-KV speculation can still be independently requested.	Fall back from MTP multi-token speculative evaluation to normal one-token session evaluation.	ds4_cli.c:580
runtime/mtp	DS4_MTP_SPEC_LOG	Pure presence flag; default off. It only emits diagnostics for first-draft misses, exact/generic verifier failures and sequential fallback misses/acceptance outcomes; it does not select a verifier.	Trace why MTP drafts were accepted, partially accepted, rejected, or sent to sequential fallback.	ds4.c:71542
runtime/mtp	DS4_MTP_STRICT	Pure presence flag; engine quality mode also enables strictness automatically. Strict mode skips the non-strict low-margin shortcut, selects exact decode-2 for two drafts unless DS4_MTP_BATCH_VERIFY is set, and disables default prefix-1 capture unless explicitly restored.	Force the exact/quality-oriented MTP verification policy on otherwise non-quality runs.	ds4.c:71517
runtime/mtp	DS4_MTP_TIMING	Pure presence flag; default off. When set, timestamps and prints draft, snapshot, verifier, prefix/replay and total durations for the path taken; algorithm selection is otherwise unchanged.	Profile end-to-end MTP speculative decoding and separate draft, verification and state-commit costs.	ds4.c:71525
runtime/rocm	DS4_ROCM_DECODE_STAGE_PROFILE	presence/nonempty diagnostic; unset=off (path-valued DUMP names are noted by purpose)	Collect timing/profile diagnostics for rocm decode stage profile.	ds4.c:18259
runtime/rocm	DS4_ROCM_DECODE_STAGE_PROFILE_LAYER	layer filter subordinate to DS4_ROCM_DECODE_STAGE_PROFILE; unset or whitespace-only: all layers allowed by the parent flag; otherwise the whitespace-trimmed value must be a complete base-10 strtoul result <= UINT32_MAX equal to the current layer; invalid values match none	Restricts the ROCm decode stage profiler to one layer; it does not enable profiling by itself.	ds4.c:29131
runtime/rocm	DS4_ROCM_DISABLE_GLM_STREAMING_PREFILL_FULL_LAYER	integer selector/tuning value; unset or invalid uses internal automatic/default value	Disable/roll back rocm disable glm streaming prefill full layer.	ds4.c:42970
runtime/rocm	DS4_ROCM_DISABLE_GLM_STREAMING_PREFILL_FULL_LAYER_PREPARE	presence rollback flag; unset keeps automatic/default path	Disable/roll back rocm disable glm streaming prefill full layer prepare.	ds4.c:42988
runtime/rocm	DS4_ROCM_DISABLE_GLM_STREAMING_PREFILL_SELECTED_ASYNC_LOAD	presence rollback flag; unset keeps automatic/default path	Disable/roll back rocm disable glm streaming prefill selected async load.	ds4.c:46681
runtime/rocm	DS4_ROCM_DISABLE_GLM_STREAMING_SELECTED_ASYNC_LOAD	presence rollback flag; unset keeps automatic/default path	Disable/roll back rocm disable glm streaming selected async load.	ds4.c:44589
runtime/rocm	DS4_ROCM_DISABLE_IQ2_SELECTED_EXPERT_VIEWS	presence rollback flag; unset keeps automatic/default path	Disable/roll back rocm disable iq2 selected expert views.	ds4.c:21094
runtime/rocm	DS4_ROCM_DISABLE_IQ2_STREAM_ADDR_TABLE	presence rollback flag; unset keeps automatic/default path	Disable/roll back rocm disable iq2 stream addr table.	ds4.c:6548
runtime/rocm	DS4_ROCM_DISABLE_Q4_DENSE_PAIR	presence rollback; unset leaves opt-in policy unchanged	Disable/roll back rocm disable q4 dense pair.	rocm/ds4_rocm_q4.cuh:435
runtime/rocm	DS4_ROCM_DISABLE_Q4_GROUPED_ATTN_A	presence rollback; DISABLE wins over enable/require	Disable/roll back rocm disable q4 grouped attn a.	rocm/ds4_rocm_q4.cuh:700
runtime/rocm	DS4_ROCM_DISABLE_Q4_PREFILL_TILE8	presence rollback; TILE8 is default for 9..4096 tokens	Disable/roll back rocm disable q4 prefill tile8.	rocm/ds4_rocm_q4.cuh:448
runtime/rocm	DS4_ROCM_DISABLE_Q4_SELECTED_EXPERT_VIEWS	presence rollback flag; unset keeps automatic/default path	Disable/roll back rocm disable q4 selected expert views.	ds4.c:21150
runtime/rocm	DS4_ROCM_DISABLE_RESIDENT_IQ2_SORTED	presence rollback flag; unset keeps automatic/default path	Disable/roll back rocm disable resident iq2 sorted.	rocm/ds4_rocm_moe_launch.cuh:751
runtime/rocm	DS4_ROCM_DISABLE_ROUTED_PAIR_SWIGLU_FUSION	presence rollback flag; unset keeps automatic/default path	Disable/roll back rocm disable routed pair swiglu fusion.	ds4.c:18543
runtime/rocm	DS4_ROCM_DISABLE_STREAMING_COLD_DECODE_PREFILL	presence rollback flag; unset keeps automatic/default path	Disable/roll back rocm disable streaming cold decode prefill.	ds4.c:32021
runtime/rocm	DS4_ROCM_DISABLE_STREAMING_DECODE_PREFILL	presence rollback flag; unset keeps automatic/default path	Disable/roll back rocm disable streaming decode prefill.	ds4.c:31970
runtime/rocm	DS4_ROCM_DISABLE_STREAMING_EXPERT_ADDR_TABLE	presence rollback flag; unset keeps automatic/default path	Disable/roll back rocm disable streaming expert addr table.	ds4.c:18539
runtime/rocm	DS4_ROCM_DISABLE_STREAMING_EXPERT_HOTLIST	presence rollback flag; unset keeps automatic/default path	Disable/roll back rocm disable streaming expert hotlist.	ds4.c:21304
runtime/rocm	DS4_ROCM_DISABLE_STREAMING_FULL_EXPERT_ADDR_TABLE	presence rollback flag; unset keeps automatic/default path	Disable/roll back rocm disable streaming full expert addr table.	ds4.c:18257
runtime/rocm	DS4_ROCM_DISABLE_STREAMING_LAYER_BATCH	presence rollback flag; unset keeps automatic/default path	Disable/roll back rocm disable streaming layer batch.	ds4.c:18253
runtime/rocm	DS4_ROCM_DISABLE_STREAMING_MADVISE_WILLNEED	presence rollback flag; unset keeps automatic/default path	Disable/roll back rocm disable streaming madvise willneed.	ds4.c:18226
runtime/rocm	DS4_ROCM_DISABLE_STREAMING_PREFILL_BATCH_SELECTED_ADDR	presence rollback flag; unset keeps automatic/default path	Disable/roll back rocm disable streaming prefill batch selected addr.	ds4.c:18537
runtime/rocm	DS4_ROCM_DISABLE_STREAMING_PREFILL_LAYER_MADVISE	presence rollback flag; unset keeps automatic/default path	Disable/roll back rocm disable streaming prefill layer madvise.	ds4.c:18480
runtime/rocm	DS4_ROCM_DISABLE_STREAMING_PREFILL_LAYER_PAGEIN	presence rollback flag; unset keeps automatic/default path	Disable/roll back rocm disable streaming prefill layer pagein.	ds4.c:18448
runtime/rocm	DS4_ROCM_DISABLE_STREAMING_PREFILL_LAYER_PAGEIN_OVERLAP	presence rollback flag; unset keeps automatic/default path	Disable/roll back rocm disable streaming prefill layer pagein overlap.	ds4.c:19335
runtime/rocm	DS4_ROCM_DISABLE_STREAMING_PREFILL_LAYER_PREAD	presence rollback flag; unset keeps automatic/default path	Disable/roll back rocm disable streaming prefill layer pread.	ds4.c:18468
runtime/rocm	DS4_ROCM_DISABLE_STREAMING_PREFILL_LAYER_PREPARE	presence rollback flag; unset keeps automatic/default path	Disable/roll back rocm disable streaming prefill layer prepare.	ds4.c:18460
runtime/rocm	DS4_ROCM_DISABLE_STREAMING_PREFILL_LAYER_PREPARE_OVERLAP	presence rollback flag; unset keeps automatic/default path	Disable/roll back rocm disable streaming prefill layer prepare overlap.	ds4.c:19333
runtime/rocm	DS4_ROCM_DISABLE_STREAMING_PREFILL_LAYER_READAHEAD	presence rollback flag; unset keeps automatic/default path	Disable/roll back rocm disable streaming prefill layer readahead.	ds4.c:18458
runtime/rocm	DS4_ROCM_DISABLE_STREAMING_PREFILL_SELECTED_ASYNC_LOAD	presence rollback flag; unset keeps automatic/default path	Disable/roll back rocm disable streaming prefill selected async load.	ds4.c:46684
runtime/rocm	DS4_ROCM_DISABLE_STREAMING_PREFILL_SELECTED_MADVISE	presence rollback flag; unset keeps automatic/default path	Disable/roll back rocm disable streaming prefill selected madvise.	ds4.c:18438
runtime/rocm	DS4_ROCM_DISABLE_STREAMING_PREFILL_SELECTED_PAGEIN	presence rollback flag; unset keeps automatic/default path	Disable/roll back rocm disable streaming prefill selected pagein.	ds4.c:18428
runtime/rocm	DS4_ROCM_DISABLE_STREAMING_PREFILL_SELECTED_PROFILE	presence rollback flag; unset keeps automatic/default path	Collect timing/profile diagnostics for rocm disable streaming prefill selected profile.	ds4.c:18922
runtime/rocm	DS4_ROCM_DISABLE_STREAMING_PREFILL_SELECTED_READAHEAD	presence rollback flag; unset keeps automatic/default path	Disable/roll back rocm disable streaming prefill selected readahead.	ds4.c:19974
runtime/rocm	DS4_ROCM_DISABLE_STREAMING_PREFILL_SELECTED_READAHEAD_SHARED	presence rollback flag; unset keeps automatic/default path	Disable/roll back rocm disable streaming prefill selected readahead shared.	ds4.c:19984
runtime/rocm	DS4_ROCM_DISABLE_STREAMING_READAHEAD	presence rollback flag; unset keeps automatic/default path	Disable/roll back rocm disable streaming readahead.	ds4.c:18219
runtime/rocm	DS4_ROCM_DISABLE_STREAMING_SELECTED_ASYNC_LOAD	presence rollback flag; unset keeps automatic/default path	Disable/roll back rocm disable streaming selected async load.	ds4.c:44587
runtime/rocm	DS4_ROCM_DISABLE_STREAMING_SPLIT_SELECTED	presence rollback flag; unset keeps automatic/default path	Disable/roll back rocm disable streaming split selected.	rocm/ds4_rocm_moe_launch.cuh:665
runtime/rocm	DS4_ROCM_DISABLE_STREAMING_STATIC_DECODE_MAP	presence rollback flag; unset keeps automatic/default path	Disable/roll back rocm disable streaming static decode map.	ds4.c:18231
runtime/rocm	DS4_ROCM_DISABLE_STREAMING_STATIC_MAP_STATE_CACHE	presence rollback flag; unset keeps automatic/default path	Disable/roll back rocm disable streaming static map state cache.	ds4.c:18244
runtime/rocm	DS4_ROCM_DSV4_PREQUANT_DECODE	sampled once; unset: enabled; present empty or exact 0: disabled; every other present value: enabled; quality mode and GLM models force it off regardless	ROCm DeepSeek-V4 decode: quantizes one-token F32 activations to Q8 once and selects the prequantized Q8_0/DP4A projection kernels instead of the full-F32 activation paths.	rocm/ds4_rocm_runtime.cuh:4775
runtime/rocm	DS4_ROCM_ENABLE_MXFP4_LDSB	presence opt-in; unset=off; any defined value including empty or 0 enables the candidate when the MXFP4 path, sorted expert tiles, token count >= 128, LDS-size limit, and dimension-alignment gates all pass	Select the ROCm MXFP4 prefill gate/up kernel that stages eight gate and eight up weight rows in LDS and reuses them across expert tiles of up to 128 tokens.	rocm/ds4_rocm_moe_launch.cuh:782
runtime/rocm	DS4_ROCM_ENABLE_MXFP4_ROW64	presence opt-in; unset=off; any defined value including empty or 0 enables the candidate when the MXFP4 sorted-tile path has at least 8 tokens and the TILE32, LDSB, and TILE4 candidates are not selected	Select the ROCm MXFP4 gate/up tile8 occupancy variant with 64 row slots and 512 threads per block.	rocm/ds4_rocm_moe_launch.cuh:798
runtime/rocm	DS4_ROCM_ENABLE_MXFP4_TILE32	presence opt-in; unset=off; any defined value including empty or 0 enables the candidate when the MXFP4 sorted-tile path has at least 32 tokens and the expert intermediate dimension is divisible by 32	Select the ROCm MXFP4 gate/up tile32 kernel, reusing each loaded expert-weight chunk across as many as 32 tokens.	rocm/ds4_rocm_moe_launch.cuh:786
runtime/rocm	DS4_ROCM_ENABLE_MXFP4_TILE4	presence opt-in; unset=off; any defined value including empty or 0 enables the candidate when the MXFP4 sorted-tile path has at least 5 tokens and neither TILE32 nor LDSB is selected	Select the ROCm MXFP4 gate/up tile4 occupancy variant, reducing staged-activation LDS per block.	rocm/ds4_rocm_moe_launch.cuh:794
runtime/rocm	DS4_ROCM_ENABLE_Q4_DENSE_PAIR	presence opt-in; unset=off; DISABLE takes precedence	Enable rocm enable q4 dense pair.	rocm/ds4_rocm_q4.cuh:434
runtime/rocm	DS4_ROCM_ENABLE_Q4_GROUPED_ATTN_A	presence opt-in; unset=off unless REQUIRE; DISABLE wins	Enable rocm enable q4 grouped attn a.	rocm/ds4_rocm_q4.cuh:704
runtime/rocm	DS4_ROCM_ENABLE_STREAMING_FULL_EXPERT_ADDR_TABLE	presence opt-in flag; unset=off unless paired policy is automatic	Enable rocm enable streaming full expert addr table.	ds4.c:18255
runtime/rocm	DS4_ROCM_ENABLE_STREAMING_MADVISE_WILLNEED	presence opt-in flag; unset=off unless paired policy is automatic	Enable rocm enable streaming madvise willneed.	ds4.c:18224
runtime/rocm	DS4_ROCM_ENABLE_STREAMING_PREFILL_BATCH_SELECTED_ADDR	presence opt-in flag; unset=off unless paired policy is automatic	Enable rocm enable streaming prefill batch selected addr.	ds4.c:18584
runtime/rocm	DS4_ROCM_ENABLE_STREAMING_PREFILL_CACHE_SEED	presence opt-in flag; unset=off unless paired policy is automatic	Enable rocm enable streaming prefill cache seed.	ds4.c:21273
runtime/rocm	DS4_ROCM_ENABLE_STREAMING_PREFILL_LAYER_PAGEIN	presence opt-in flag; unset=off unless paired policy is automatic	Enable rocm enable streaming prefill layer pagein.	ds4.c:18446
runtime/rocm	DS4_ROCM_ENABLE_STREAMING_PREFILL_LAYER_READAHEAD	presence opt-in flag; unset=off unless paired policy is automatic	Enable rocm enable streaming prefill layer readahead.	ds4.c:18456
runtime/rocm	DS4_ROCM_ENABLE_STREAMING_PREFILL_SELECTED_MADVISE	presence opt-in flag; unset=off unless paired policy is automatic	Enable rocm enable streaming prefill selected madvise.	ds4.c:18436
runtime/rocm	DS4_ROCM_ENABLE_STREAMING_PREFILL_SELECTED_PAGEIN	presence opt-in flag; unset=off unless paired policy is automatic	Enable rocm enable streaming prefill selected pagein.	ds4.c:18426
runtime/rocm	DS4_ROCM_ENABLE_STREAMING_PREFILL_SELECTED_READAHEAD	presence opt-in flag; unset=off unless paired policy is automatic	Enable rocm enable streaming prefill selected readahead.	ds4.c:19970
runtime/rocm	DS4_ROCM_ENABLE_STREAMING_PREFILL_SELECTED_READAHEAD_SHARED	presence opt-in flag; unset=off unless paired policy is automatic	Enable rocm enable streaming prefill selected readahead shared.	ds4.c:19972
runtime/rocm	DS4_ROCM_ENABLE_STREAMING_READAHEAD	presence opt-in flag; unset=off unless paired policy is automatic	Enable rocm enable streaming readahead.	ds4.c:18217
runtime/rocm	DS4_ROCM_ENABLE_STREAMING_STATIC_DECODE_MAP	presence opt-in flag; unset=off unless paired policy is automatic	Enable rocm enable streaming static decode map.	ds4.c:18236
runtime/rocm	DS4_ROCM_GLM_CAUSAL_ATTN_GEMM	Enabled by default when unset. Exact "0" or an empty value disables; every other nonempty value enables (including false/off/no), because cuda_env_present only tests nonempty and != "0". Eligibility still requires causal_range && !has_selected; a failed GEMM helper falls through to the scalar attention kernel.	Use FP16 BLAS GEMMs for dense causal GLM indexed prefill; =0 is the correctness/performance rollback to the scalar attention kernel.	rocm/ds4_rocm_glm.cuh:3283
runtime/rocm	DS4_ROCM_GLM_DISABLE_STREAMING_EXPERT_CACHE	Pure presence flag: any defined value, including empty or "0", disables. Unset leaves automatic GLM streaming expert-cache eligibility enabled for supported model/quant/quality/SSD configurations. On ROCm builds DS4_METAL_GLM_DISABLE_STREAMING_EXPERT_CACHE is an accepted fallback alias.	Disable selected/resident streamed-expert cache paths and force generic/full-layer expert handling for GLM SSD streaming.	ds4.c:21212
runtime/rocm	DS4_ROCM_GLM_DISABLE_STREAMING_SEED_BEFORE_PREFILL	Pure presence flag: any defined value, including empty or "0", disables. Unset seeds before prefill whenever SSD streaming is active. On ROCm builds DS4_METAL_GLM_DISABLE_STREAMING_SEED_BEFORE_PREFILL is an accepted fallback alias.	Skip the pre-prefill hotlist seed of the streaming expert cache in both one-shot GLM generation and session setup.	ds4.c:51334
runtime/rocm	DS4_ROCM_GLM_DISABLE_STREAMING_TOKEN_PREFILL	Pure presence flag: any defined value, including empty or "0", disables. Unset leaves the token-major path eligible only for SSD streaming, non-quality mode, a nonempty batch fitting full attention, and n_tokens <= the configured nonzero maximum. DS4_METAL_GLM_DISABLE_STREAMING_TOKEN_PREFILL and generic DS4_GLM_DISABLE_STREAMING_TOKEN_PREFILL are also accepted presence aliases.	Roll back GLM SSD-streaming token-major prefill to the normal prefill implementation.	ds4.c:49964
runtime/rocm	DS4_ROCM_GLM_GROUPED_QK_LOW	sampled once; unset: enabled; present empty or exact 0: disabled; every other present value: enabled	Selects the grouped shared-input ROCm kernel for eligible multi-token GLM qk-lowrank projection; disabling uses the per-head/per-token projection kernel.	rocm/ds4_rocm_runtime.cuh:4800
runtime/rocm	DS4_ROCM_GLM_GROUPED_VALUE_PROJECT	sampled once; unset: enabled; present empty or exact 0: disabled; every other present value: enabled	Selects the grouped shared-input ROCm kernel for eligible multi-token GLM value projection; disabling uses the non-grouped batch projection path.	rocm/ds4_rocm_runtime.cuh:4791
runtime/rocm	DS4_ROCM_GLM_LAYER_SLICE_TOKEN_DECODE	Opt-in truthy parser; unset, empty, "0", false, off, or no (case-insensitive words) are false, every other nonempty value is true. Default off and compiled only for ROCm.	Allow a one-token, pos>0 GLM layer-slice with inter-node input/output hidden buffers to use the optimized resident token graph; without it only the no-hidden-buffer case takes that shortcut.	ds4.c:43834
runtime/rocm	DS4_ROCM_GLM_SELECTED_ATTN_GEMM	Enabled by default when unset. Exact "0" or an empty value disables; every other nonempty value enables (including false/off/no). Eligibility still requires !causal_range && has_selected; failure/ineligibility falls through to the scalar attention kernel.	Gather per-token selected cache rows into FP16 matrices and use strided-batched BLAS GEMMs for GLM selected indexed prefill; =0 forces the scalar path.	rocm/ds4_rocm_glm.cuh:3239
runtime/rocm	DS4_ROCM_GLM_SELECTED_ATTN_HEAD_TILE	Unsigned integer read and cached once; valid values are exactly 1,2,4,8,16,32,64. Unset/empty defaults to 16. A nonnumeric, partially parsed, overflowed, or unsupported value prints a warning and uses 16; the effective tile is min(requested,n_head).	Set how many attention heads each selected-attention GEMM workspace tile processes.	rocm/ds4_rocm_glm.cuh:2509
runtime/rocm	DS4_ROCM_GLM_SELECTED_ATTN_PROFILE	presence/nonempty diagnostic; unset=off (path-valued DUMP names are noted by purpose)	Collect timing/profile diagnostics for rocm glm selected attn profile.	rocm/ds4_rocm_glm.cuh:2534
runtime/rocm	DS4_ROCM_GLM_STREAMING_ASYNC_PROFILE	presence/nonempty diagnostic; unset=off (path-valued DUMP names are noted by purpose)	Collect timing/profile diagnostics for rocm glm streaming async profile.	ds4.c:44622
runtime/rocm	DS4_ROCM_GLM_STREAMING_DECODE_FULL_LAYER_MAP	Pure presence flag: any defined value, including empty or "0", forces full mapping. Unset uses automatic mapping: resident layers map fully, eligible expert-cache layers use decode-only/expert mapping, otherwise full mapping. DS4_METAL_GLM_STREAMING_DECODE_FULL_LAYER_MAP and generic DS4_GLM_STREAMING_DECODE_FULL_LAYER_MAP are also accepted presence aliases.	Force every GLM SSD-streaming decode layer through full-layer mapping, bypassing the selected-expert/decode mapping optimization.	ds4.c:42876
runtime/rocm	DS4_ROCM_GLM_STREAMING_DECODE_SYNC_EACH_LAYER	ROCm-only primary value; nonempty takes priority over DS4_METAL_GLM_STREAMING_DECODE_SYNC_EACH_LAYER and the generic DS4_GLM_STREAMING_DECODE_SYNC_EACH_LAYER fallback; empty acts as unset; truthy unless exact 0 or case-insensitive false/off/no; with all aliases unset: false	For non-static GLM SSD decode on ROCm, opts into a full command/device synchronization after token mapping and every layer; default keeps ordered work queued across layer mappings, and static-map decode bypasses it.	ds4.c:50040
runtime/rocm	DS4_ROCM_GLM_STREAMING_GROW_CACHE_AFTER_PREFILL	Enabled by default when absent. If defined, only a truthy nonempty value enables; empty, "0", false, off, or no disable. Growth also requires SSD streaming plus nonzero base cache and prefill-headroom budgets, and occurs only if the recomputed expert count exceeds the current count.	After successful ROCm GLM prefill, add the released prefill headroom to the dynamic streaming expert-cache byte budget.	ds4.c:51372
runtime/rocm	DS4_ROCM_GLM_STREAMING_PREFILL_FULL_LAYER	presence force-on; any presence including empty or 0 enables; unset falls back to the Metal alias and then the automatic token threshold (1024 by default on ROCm); DS4_ROCM_DISABLE_GLM_STREAMING_PREFILL_FULL_LAYER dominates	Forces GLM SSD prefill into full-layer mapping/cache mode even below the automatic large-batch threshold.	ds4.c:42953
runtime/rocm	DS4_ROCM_GLM_STREAMING_PREFILL_FULL_LAYER_MIN_TOKENS	Positive uint32 threshold parsed with strtoul; ROCm default is 1024. Missing/empty, no leading number, errno/overflow, zero, or >UINT32_MAX returns 1024. The parser does not require end-of-string, so trailing junk after a valid leading number is accepted. A nonempty ROCm value takes precedence; otherwise DS4_METAL_GLM_STREAMING_PREFILL_FULL_LAYER_MIN_TOKENS is a fallback alias.	Set the automatic token-count crossover for ROCm GLM SSD prefill to load/use full resident expert layers when the layer supports that mode.	ds4.c:42953
runtime/rocm	DS4_ROCM_GLM_STREAMING_PREFILL_SYNC_EACH_LAYER	ROCm-only primary value; nonempty takes priority over DS4_METAL_GLM_STREAMING_PREFILL_SYNC_EACH_LAYER and the generic DS4_GLM_STREAMING_PREFILL_SYNC_EACH_LAYER fallback; empty acts as unset; truthy unless exact 0 or case-insensitive false/off/no; with all aliases unset: false for compact prefill; full-layer prefill always returns true	For compact GLM SSD prefill on ROCm, opts into a full command/device synchronization at every layer boundary; default preserves queued work across mappings, while full-layer cache mode always synchronizes.	ds4.c:42656
runtime/rocm	DS4_ROCM_GLM_STREAMING_TOKEN_PREFILL_MAX	primary nonempty value, then the Metal alias, then generic DS4_GLM_STREAMING_TOKEN_PREFILL_MAX; parsed by strtoul without requiring full-string consumption; 0 is valid and disables; no digits, ERANGE, or > UINT32_MAX uses the ROCm default 0	Sets the largest non-quality GLM SSD-prefill chunk eligible for token-major/decode-style execution; ROCm defaults to canonical indexed batch prefill (0 disables token-major mode).	ds4.c:49943
runtime/rocm	DS4_ROCM_GLM_VALUE_PROJECT_WAVE_DECODE	Enabled by default when unset. Exact "0" or empty disables; every other nonempty value enables (including false/off/no). It applies only when n_tokens==1; =0 or multi-token input uses the generic per-head batch kernel.	Select the validated wave-per-output-row ROCm Q8 GLM value-projection kernel for one-token decode; =0 is the generic-kernel rollback.	rocm/ds4_rocm_glm.cuh:2019
runtime/rocm	DS4_ROCM_GRAPH_DUMP_LAYER	unsigned layer or all; unset=all layers	Filter ROCm graph dumps by layer.	ds4.c:16877
runtime/rocm	DS4_ROCM_GRAPH_DUMP_NAME	nonempty substring filter; unset=all tensor names	Filter ROCm graph dumps by tensor/stage name.	ds4.c:16873
runtime/rocm	DS4_ROCM_GRAPH_DUMP_NONINVASIVE	truthy value under the shared parser; unset lets dumping select conservative kernels	Keep production ROCm kernel selection while graph dumping.	rocm/ds4_rocm_runtime.cuh:4822
runtime/rocm	DS4_ROCM_GRAPH_DUMP_POS	unsigned token position; unset=all positions	Filter ROCm graph dumps by position.	ds4.c:16884
runtime/rocm	DS4_ROCM_GRAPH_DUMP_PREFIX	nonempty output path prefix; unset=off	Enable ROCm intermediate graph/tensor dumps.	ds4_cuda.cu:397
runtime/rocm	DS4_ROCM_GRAPH_DUMP_TRACE	presence/nonempty diagnostic; unset=off (path-valued DUMP names are noted by purpose)	Emit trace diagnostics for rocm graph dump trace.	ds4.c:16914
runtime/rocm	DS4_ROCM_GRAPH_OUTPUT_ROW	Nonempty string with a leading strtoul-parsable unsigned value < n_tokens selects that zero-based row. Default, empty, unparsable, or out-of-range selects n_tokens-1. Trailing characters are accepted because full consumption/errno are not checked. A nonempty ROCm value takes precedence; otherwise DS4_METAL_GRAPH_OUTPUT_ROW is a fallback alias.	Choose which prefill hidden-state row is sent through the output head to produce logits, primarily for graph/correctness diagnostics.	ds4.c:35860
runtime/rocm	DS4_ROCM_GRAPH_PREFILL_PROFILE	presence/nonempty diagnostic; unset=off (path-valued DUMP names are noted by purpose)	Collect timing/profile diagnostics for rocm graph prefill profile.	ds4.c:32053
runtime/rocm	DS4_ROCM_GRAPH_PREFILL_SPLIT_PROFILE	presence/nonempty diagnostic; unset=off (path-valued DUMP names are noted by purpose)	Collect timing/profile diagnostics for rocm graph prefill split profile.	ds4.c:35783
runtime/rocm	DS4_ROCM_GRAPH_TOKEN_PROFILE	presence/nonempty diagnostic; unset=off (path-valued DUMP names are noted by purpose)	Collect timing/profile diagnostics for rocm graph token profile.	ds4.c:31737
runtime/rocm	DS4_ROCM_INDEXER_STAGE_PROFILE	presence/nonempty diagnostic; unset=off (path-valued DUMP names are noted by purpose)	Collect timing/profile diagnostics for rocm indexer stage profile.	ds4.c:29280
runtime/rocm	DS4_ROCM_LAYER_STAGE_PROFILE	presence/nonempty diagnostic; unset=off (path-valued DUMP names are noted by purpose)	Collect timing/profile diagnostics for rocm layer stage profile.	ds4.c:29119
runtime/rocm	DS4_ROCM_LAYER_STAGE_PROFILE_LAYER	layer filter subordinate to DS4_ROCM_LAYER_STAGE_PROFILE; unset or whitespace-only: all layers allowed by the parent flag; otherwise the whitespace-trimmed value must be a complete base-10 strtoul result <= UINT32_MAX equal to the current layer; invalid values match none	Restricts the ROCm layer/prefill stage profiler to one layer; it does not enable profiling by itself.	ds4.c:29120
runtime/rocm	DS4_ROCM_MOE_DECODE_DOWN_RPB	sampled once; nonempty value is parsed by strtoul (a numeric prefix is sufficient), cast to uint32_t, and accepted only if 1/2/4/8/16/32; unset/empty/invalid inherits DS4_ROCM_MOE_DECODE_RPB, with defaults quality=8, non-quality SSD=2, resident=1	Sets output rows (warps) per block for ROCm Q2_K routed-MoE decode down-projection kernels; threads per block are value * 32.	rocm/ds4_rocm_runtime.cuh:4842
runtime/rocm	DS4_ROCM_MOE_DECODE_GATE_RPB	sampled once; nonempty value is parsed by strtoul (a numeric prefix is sufficient), cast to uint32_t, and accepted only if 1/2/4/8/16/32; unset/empty/invalid defaults to 1 in non-quality SSD mode when DS4_ROCM_MOE_DECODE_RPB is unset/empty, otherwise inherits the resolved base RPB	Sets output rows (warps) per block for ROCm Q2_K routed-MoE decode gate/up kernels; threads per block are value * 32.	rocm/ds4_rocm_runtime.cuh:4836
runtime/rocm	DS4_ROCM_MOE_DECODE_PROFILE	presence/nonempty diagnostic; unset=off (path-valued DUMP names are noted by purpose)	Collect timing/profile diagnostics for rocm moe decode profile.	rocm/ds4_rocm_moe_launch.cuh:82
runtime/rocm	DS4_ROCM_MOE_DECODE_RPB	sampled once; nonempty value is parsed by strtoul (a numeric prefix is sufficient), cast to uint32_t, and accepted only if 1/2/4/8/16/32; unset/empty/invalid default: quality=8, non-quality SSD=2, resident=1	Sets the base ROCm Q2_K decode-MoE rows-per-block value inherited by gate/up and down controls, except the automatic SSD gate specialization defaults to 1 when this variable is unset/empty.	rocm/ds4_rocm_runtime.cuh:4832
runtime/rocm	DS4_ROCM_MOE_PATH_DEBUG	presence diagnostic; unset=off; any defined value including empty or 0 enables it	Print ROCm routed-MoE path selection, sorted-tile scratch state, and MXFP4 gate/up launch diagnostics to stderr.	rocm/ds4_rocm_moe_launch.cuh:831
runtime/rocm	DS4_ROCM_MOE_WRITE_CLAMPED_ACT	Pure presence sentinel: any defined value, including empty or "0", is active; DS4_METAL_MOE_WRITE_CLAMPED_ACT is an accepted fallback alias. On ROCm the variable is only consumed as a path-admission veto: it disables selected-expert cache/address-table, selected-slot and CPU-router/fused optimized paths. No ROCm call site parses a clamp amount or directly enables a write-clamped kernel.	Force shared graph selection away from optimizations incompatible with the clamped-intermediate MoE diagnostic; on ROCm this is a compatibility/rollback gate, not itself a clamped-write implementation.	ds4.c:18541
runtime/rocm	DS4_ROCM_MXFP4_DOWN_RGROUP	nonempty value is parsed by strtol and a numeric prefix is sufficient; integers 1..8 are accepted; unset, empty, invalid, or out-of-range values use 1	Set how many 32-row output blocks each ROCm MXFP4 tiled down-projection block computes, reducing the first launch-grid dimension as the value increases.	rocm/ds4_rocm_moe_launch.cuh:801
runtime/rocm	DS4_ROCM_Q4_GROUPED_ATTN_A_STATS	presence/nonempty diagnostic; unset=off (path-valued DUMP names are noted by purpose)	Print counters for rocm q4 grouped attn a stats.	rocm/ds4_rocm_q4.cuh:480
runtime/rocm	DS4_ROCM_Q4_PREFILL_TILE8_STATS	presence/nonempty diagnostic; unset=off (path-valued DUMP names are noted by purpose)	Print counters for rocm q4 prefill tile8 stats.	rocm/ds4_rocm_q4.cuh:514
runtime/rocm	DS4_ROCM_Q8_DECODE_SHAREDX_64K	sampled once; unset: enabled; present empty or exact 0: disabled; every other present value: enabled; effective only for one-token non-prequant Q8_0 matmul with 8192 < in_dim <= 16384	Allows the ROCm shared-input Q8 decode kernel to use up to 64 KiB dynamic LDS for wide inputs; an unsupported/failed LDS launch automatically falls back to the regular kernel.	rocm/ds4_rocm_runtime.cuh:4805
runtime/rocm	DS4_ROCM_Q_STAGE_PROFILE	presence/nonempty diagnostic; unset=off (path-valued DUMP names are noted by purpose)	Collect timing/profile diagnostics for rocm q stage profile.	ds4.c:29284
runtime/rocm	DS4_ROCM_REQUIRE_Q4_GROUPED_ATTN_A	presence fail-closed assertion; also requests candidate unless disabled	Require rocm require q4 grouped attn a and fail instead of silently falling back.	rocm/ds4_rocm_q4.cuh:702
runtime/rocm	DS4_ROCM_REQUIRE_Q4_PREFILL_TILE8	presence fail-closed assertion for eligible TILE8 calls	Require rocm require q4 prefill tile8 and fail instead of silently falling back.	rocm/ds4_rocm_q4.cuh:452
runtime/rocm	DS4_ROCM_STREAMING_DECODE_PREFILL_MAX	primary nonempty value over the Metal alias; parsed by strtol when it has a numeric prefix (trailing text is accepted); <= 0 disables, values > UINT32_MAX clamp, no numeric prefix uses automatic default: 64 for Flash with uniform Q4_K/MXFP4 experts, 18 for other Pro/Flash, otherwise 0; the disable flag dominates	Sets the largest short, non-quality SSD-streaming prefill batch routed through the decode-style path instead of canonical layer-major prefill.	ds4.c:31976
runtime/rocm	DS4_ROCM_STREAMING_EXPERT_AUTO_PRELOAD_CAP	primary nonempty value over the Metal alias; strict full-string strtoul; valid values > UINT32_MAX clamp, invalid uses 4096, and 0 means no cap (not disabled); when CLI preload is auto/0, unset defaults to cap 4096 except ROCm GLM52, where absent/empty disables automatic preload entirely	Caps the number of hot experts synchronously seeded into the SSD-streaming expert cache in automatic preload mode; an explicit CLI preload count bypasses this cap, and setting this variable opts ROCm GLM52 back into auto preload.	ds4.c:21469
runtime/rocm	DS4_ROCM_STREAMING_EXPERT_CACHE_VERBOSE	presence flag; unset=off	Print verbose ROCm streaming expert-cache seed/load diagnostics.	rocm/ds4_rocm_runtime.cuh:2904
runtime/rocm	DS4_ROCM_STREAMING_EXPERT_HOTLIST	Nonempty filesystem path; a nonempty ROCm value takes precedence, otherwise DS4_METAL_STREAMING_EXPERT_HOTLIST is a fallback. The file contains whitespace-separated layer expert hits rows; blank/comment lines are ignored, zero-hit rows skipped, malformed/open/read errors fail seeding. Unset/empty uses the built-in Pro/Flash/GLM52 hotlist. Effective only when non-cold SSD hotlist seeding is enabled and cache/preload budget is nonzero.	Select a custom ranked expert hotlist used to preseed the streaming resident expert cache before decode.	ds4.c:21509
runtime/rocm	DS4_ROCM_STREAMING_EXPERT_HOTLIST_PROFILE	presence/nonempty diagnostic; unset=off (path-valued DUMP names are noted by purpose)	Collect timing/profile diagnostics for rocm streaming expert hotlist profile.	ds4.c:32259
runtime/rocm	DS4_ROCM_STREAMING_MAP_TRACE	presence/nonempty diagnostic; unset=off (path-valued DUMP names are noted by purpose)	Emit trace diagnostics for rocm streaming map trace.	ds4.c:42904
runtime/rocm	DS4_ROCM_STREAMING_PREFILL_BATCH_SELECTED_ADDR_MAX	primary nonempty value over the Metal alias; strtol accepts a numeric prefix; <= 0 returns 0, > UINT32_MAX clamps, invalid uses ROCm default UINT32_MAX for Pro/Flash/GLM52 and 0 otherwise	Sets the inclusive upper token-count bound for automatically using selected-expert address-table kernels during eligible non-quality SSD batch prefill; 0 disables automatic selection.	ds4.c:18486
runtime/rocm	DS4_ROCM_STREAMING_PREFILL_BATCH_SELECTED_ADDR_MIN	primary nonempty value over the Metal alias; strtol accepts a numeric prefix; <= 0 returns 0, > UINT32_MAX clamps, invalid uses ROCm default 2 for Pro/Flash/GLM52 and 0 otherwise	Sets the inclusive lower token-count bound for automatically using selected-expert address-table kernels during eligible non-quality SSD batch prefill (the path independently requires more than one token).	ds4.c:18509
runtime/rocm	DS4_ROCM_STREAMING_PREFILL_CACHE_SEED_K	primary nonempty value over the Metal alias; strict full-string strtoul; unset/empty/invalid: 1; 0 disables; positive values clamp to 64; ignored unless SSD streaming and DS4_ROCM_ENABLE_STREAMING_PREFILL_CACHE_SEED (or Metal alias) is present	Chooses how many trailing token router selections per layer are captured from prefill and used to seed the streaming expert cache afterward.	ds4.c:21282
runtime/rocm	DS4_ROCM_STREAMING_PREFILL_CACHE_SEED_PROFILE	presence/nonempty diagnostic; unset=off (path-valued DUMP names are noted by purpose)	Collect timing/profile diagnostics for rocm streaming prefill cache seed profile.	ds4.c:32168
runtime/rocm	DS4_ROCM_STREAMING_PREFILL_LAYER_MADVISE_PROFILE	presence/nonempty diagnostic; unset=off (path-valued DUMP names are noted by purpose)	Collect timing/profile diagnostics for rocm streaming prefill layer madvise profile.	ds4.c:19624
runtime/rocm	DS4_ROCM_STREAMING_PREFILL_LAYER_PAGEIN_NO_OVERLAP	Pure presence flag: any defined value, including empty or "0", disables overlap. Default overlap is enabled only if this, PREPARE_NO_OVERLAP, DISABLE_*_PREPARE_OVERLAP, and DISABLE_*_PAGEIN_OVERLAP are all absent. The corresponding DS4_METAL name is an accepted fallback alias. In current code PAGEIN_NO_OVERLAP and PREPARE_NO_OVERLAP are exact synonyms.	Serialize SSD-streaming prefill layer page-in/preparation instead of overlapping preparation of upcoming layers.	ds4.c:19331
runtime/rocm	DS4_ROCM_STREAMING_PREFILL_LAYER_PAGEIN_PROFILE	presence/nonempty diagnostic; unset=off (path-valued DUMP names are noted by purpose)	Collect timing/profile diagnostics for rocm streaming prefill layer pagein profile.	ds4.c:19620
runtime/rocm	DS4_ROCM_STREAMING_PREFILL_LAYER_PAGEIN_THREADS	legacy fallback read only when DS4_ROCM_STREAMING_PREFILL_LAYER_PREPARE_THREADS and its Metal alias are absent/empty; strict full-string strtoul; unset/empty across both names: 8; invalid or 0: 1; values > 16 clamp to 16	Sets worker count for full-layer SSD-prefill preparation (page touch, pread, readahead, or madvise) when the canonical PREPARE_THREADS control is not set.	ds4.c:19289
runtime/rocm	DS4_ROCM_STREAMING_PREFILL_LAYER_PREAD_PROFILE	presence/nonempty diagnostic; unset=off (path-valued DUMP names are noted by purpose)	Collect timing/profile diagnostics for rocm streaming prefill layer pread profile.	ds4.c:19622
runtime/rocm	DS4_ROCM_STREAMING_PREFILL_LAYER_PREPARE_AHEAD	primary nonempty value over the Metal alias; strict full-string strtoul; unset/empty: 1; invalid or 0: 1; values > 4 clamp to 4	Sets how many future layer-preparation jobs may be queued concurrently while SSD-prefill preparation overlap is enabled.	ds4.c:19343
runtime/rocm	DS4_ROCM_STREAMING_PREFILL_LAYER_PREPARE_NO_OVERLAP	Pure presence flag: any defined value, including empty or "0", disables overlap. Default overlap is enabled only if this, PAGEIN_NO_OVERLAP, DISABLE_*_PREPARE_OVERLAP, and DISABLE_*_PAGEIN_OVERLAP are all absent. The corresponding DS4_METAL name is an accepted fallback alias. In current code PREPARE_NO_OVERLAP and PAGEIN_NO_OVERLAP are exact synonyms.	Serialize SSD-streaming prefill layer preparation/page-in instead of overlapping preparation of upcoming layers.	ds4.c:19329
runtime/rocm	DS4_ROCM_STREAMING_PREFILL_LAYER_PREPARE_THREADS	primary nonempty value over the Metal alias; strict full-string strtoul; unset/empty falls back to LAYER_PAGEIN_THREADS, then default 8; invalid or 0: 1; values > 16 clamp to 16	Sets worker count used to split full-layer SSD-prefill page-touch, pread, readahead, or madvise preparation ranges.	ds4.c:19285
runtime/rocm	DS4_ROCM_STREAMING_PREFILL_LAYER_READAHEAD_PROFILE	presence/nonempty diagnostic; unset=off (path-valued DUMP names are noted by purpose)	Collect timing/profile diagnostics for rocm streaming prefill layer readahead profile.	ds4.c:19626
runtime/rocm	DS4_ROCM_STREAMING_PREFILL_SELECTED_MADVISE_PROFILE	presence/nonempty diagnostic; unset=off (path-valued DUMP names are noted by purpose)	Collect timing/profile diagnostics for rocm streaming prefill selected madvise profile.	ds4.c:19370
runtime/rocm	DS4_ROCM_STREAMING_PREFILL_SELECTED_MADVISE_THREADS	legacy fallback read only for selected-expert madvise preparation when DS4_ROCM_STREAMING_PREFILL_SELECTED_PREPARE_THREADS and its Metal alias are absent/empty; strict full-string strtoul; if all selected controls are unset it inherits layer preparation threads (default 8); invalid or 0: 1; values > 16 clamp to 16	Sets worker count for selected-expert madvise preparation under its legacy name; non-madvise selected page-in always uses one worker.	ds4.c:19307
runtime/rocm	DS4_ROCM_STREAMING_PREFILL_SELECTED_PAGEIN_PROFILE	presence/nonempty diagnostic; unset=off (path-valued DUMP names are noted by purpose)	Collect timing/profile diagnostics for rocm streaming prefill selected pagein profile.	ds4.c:19368
runtime/rocm	DS4_ROCM_STREAMING_PREFILL_SELECTED_PREPARE_GAP	primary nonempty value over the Metal alias; strict full-string strtoul; unset/empty/invalid: 0; values > 8 clamp to 8	For selected-expert madvise preparation, merges selected expert runs separated by at most this many unselected expert IDs, trading broader hints for fewer ranges.	ds4.c:19319
runtime/rocm	DS4_ROCM_STREAMING_PREFILL_SELECTED_PREPARE_THREADS	primary nonempty value over the Metal alias; strict full-string strtoul; for selected-expert madvise, unset/empty falls back to SELECTED_MADVISE_THREADS then layer preparation threads (default 8); invalid or 0: 1; values > 16 clamp to 16; non-madvise selected page-in ignores it and uses 1	Sets worker count for selected-expert madvise preparation using the canonical control name.	ds4.c:19303
runtime/rocm	DS4_ROCM_STREAMING_PREFILL_SELECTED_PROFILE	presence/nonempty diagnostic; unset=off (path-valued DUMP names are noted by purpose)	Collect timing/profile diagnostics for rocm streaming prefill selected profile.	ds4.c:18920
runtime/rocm	DS4_ROCM_STREAMING_PREFILL_SELECTED_READAHEAD_GAP	primary nonempty value over the Metal alias; strict full-string strtoul; unset/empty/invalid: 0; values > 8 clamp to 8	For selected-expert file readahead, merges selected expert runs separated by at most this many unselected expert IDs, reducing readahead calls at the cost of hinting extra weights.	ds4.c:19992
runtime/rocm	DS4_ROCM_STREAMING_PREFILL_SELECTED_READAHEAD_PROFILE	presence/nonempty diagnostic; unset=off (path-valued DUMP names are noted by purpose)	Collect timing/profile diagnostics for rocm streaming prefill selected readahead profile.	ds4.c:20077
runtime/rocm	DS4_ROCM_STREAM_CACHE_LAYER_STATS	presence flag; unset=off	Collect per-layer ROCm streaming cache statistics; also enables aggregate stats.	rocm/ds4_rocm_runtime.cuh:390
runtime/rocm	DS4_ROCM_STREAM_CACHE_STATS	presence flag; unset=off unless layer stats are enabled	Collect aggregate ROCm streaming cache statistics.	rocm/ds4_rocm_runtime.cuh:398
runtime/rocm	DS4_ROCM_STREAM_EVICT_PAST_LAYERS_FIRST	nonempty and not 0 enables; unset/empty/0=off	Prefer evicting cached experts from already-processed layers.	rocm/ds4_rocm_runtime.cuh:406
runtime/rocm	DS4_ROCM_STREAM_FREE_RESERVE_GB	integer 2..64 GiB; default 16	Reserve unified-memory headroom while growing the ROCm expert cache.	rocm/ds4_rocm_runtime.cuh:1526
runtime/rocm	DS4_ROCM_STREAM_MODEL_CACHE_GB	positive GiB integer; unset/invalid uses automatic streaming model cache limit	Cap cached streaming model spans.	rocm/ds4_rocm_runtime.cuh:5464
runtime/rocm	DS4_ROCM_STREAM_NO_DIRECT	nonempty and not 0 disables direct reads; unset/empty/0 keeps direct I/O eligible	Force the buffered ROCm SSD-streaming read path.	rocm/ds4_rocm_runtime.cuh:1932
runtime/rocm	DS4_ROCM_STREAM_Q8_F16_CACHE_GB	non-negative GiB integer; unset/invalid uses automatic Q8-F16 cache limit	Cap converted Q8-to-F16 weights in SSD mode.	rocm/ds4_rocm_runtime.cuh:4859
runtime/rocm	DS4_ROCM_STREAM_READ_PROFILE	nonempty and not 0 enables; unset/empty/0=off	Print ROCm SSD-streaming read/locality statistics at exit.	rocm/ds4_rocm_runtime.cuh:1918
runtime/rocm	DS4_ROCM_STREAM_READ_WORKERS	integer; default DS4_ROCM_STREAM_READ_DEFAULT_WORKERS; 0 coerces to 1; capped at compile-time max	Set parallel ROCm SSD read/upload workers.	rocm/ds4_rocm_runtime.cuh:2077
runtime/server	DS4_SERVER_BATCH_LOG	Pure presence flag read once when the decode worker starts; default off. Any defined value, including empty or "0", logs one record per coalesced decode batch with count, elapsed milliseconds and ok/error status.	Observe server-side decode coalescing size, latency and result without changing batching behavior.	ds4_server.c:11090
runtime/server	DS4_SERVER_DECODE_COALESCE_US	integer 0..100000 microseconds; default 2000; 0 disables wait	Control server micro-batch coalescing delay.	ds4_server.c:11069
runtime/ssd	DS4_SSD_AUTO_CACHE_PCT	integer 50..95; default 80	Choose the RAM percentage used by automatic SSD expert-cache planning.	ds4_ssd.c:81
runtime/test-hook	DS4_TEST_METAL_EXACTN_ORACLE	presence flag compiled only with DS4_TEST_HOOKS; unset is off; any defined value enables	Force allocation of the Metal exact-N verifier/oracle workspace in test builds.	ds4.c:62259
runtime/tp	DS4_TP_ABLATE	comma/list string matched for hcpre,router,kv,compidx; unset=no ablation; must match on both ranks	Skip named TP encode chains for timing; output is semantically wrong.	ds4.c:22535
runtime/tp	DS4_TP_EVENT_GATES	presence flag; unset uses lower-latency slab flag gates when available	Fall back to Metal shared-event arrival gates.	ds4_metal.m:10768
runtime/tp	DS4_TP_GATE_PROFILE	presence diagnostic flag; unset=off	Collect timing/profile diagnostics for tp gate profile.	ds4_metal.m:10662
runtime/tp	DS4_TP_GATE_TRACE	presence diagnostic flag; unset=off	Emit trace diagnostics for tp gate trace.	ds4_tp.c:911
runtime/tp	DS4_TP_KEEPALIVE_ITERS	atoi unsigned iteration count; default 1200000	Tune work per Metal TP keep-alive dispatch.	ds4_metal.m:10626
runtime/tp	DS4_TP_KEEPALIVE_TGS	integer 1..2048; invalid/out of range uses 1	Tune threadgroups per Metal TP keep-alive dispatch.	ds4_metal.m:10612
runtime/tp	DS4_TP_NO_KEEPALIVE	presence flag; unset starts Metal TP keep-alive	Disable the Metal TP GPU keep-alive worker.	ds4_metal.m:10798
runtime/tp	DS4_TP_PREFILL_SPLIT_MIN	atoi token threshold; default 32; values below 2 clamp to 2	Set when TP prefill row-splits the replicated shared expert.	ds4.c:29207
runtime/tp	DS4_TP_SUBGATE_PIPELINE	nonempty integer; nonzero enables; default off; must match on both ranks	Enable TP prefill sub-chunk gate pipelining.	ds4.c:29221
runtime/tp	DS4_TP_TIMEOUT_SEC	atoi seconds stored unsigned; default DS4_TP_DEFAULT_TIMEOUT_SEC	Override TP control/data socket operation timeout.	ds4_tp.c:1329
runtime/web	DS4_CHROME	executable path; unset auto-detects Chrome/Chromium via standard paths and PATH	Select the browser executable used by web tooling.	ds4_web.c:1014
script/downloader	DS4_GGUF_DIR	path; default repository gguf/ directory	Choose the model download directory.	download_model.sh:23
script/downloader	FLATTEN_DOWNLOADS	exact integer 1 enables; unset or 0 preserves normal shard paths	Move downloaded Hugging Face files from nested cache paths into the requested output directory.	download_model.sh:244
script/downloader	FORCE_HF_DOWNLOAD	exact integer 1 enables; unset or 0 uses the available downloader automatically	Force download_model.sh to use hf download instead of curl when available.	download_model.sh:216
script/downloader	HF_TOKEN	secret string; unset tries cached Hugging Face token or unauthenticated download	Authenticate Hugging Face downloads.	download_model.sh:28
script/downloader	HOME	Filesystem directory string. In ds4-agent, unset or empty falls back to "." for the default cache and history roots; the web helper applies the same fallback for its browser profile. A nonempty value roots .ds4/kvcache, .ds4_agent_history and .ds4/browser.	Choose the user's persistent ds4-agent cache, line-history and Chrome-profile base directory.	ds4_agent.c:4026
script/quality-collector	<NAME_FROM_--api-key-env>	dynamic environment-variable name; no fixed identifier; overrides endpoint-derived key name	Allow a caller-selected credential environment variable.	gguf-tools/quality-testing/collect_official.py:243
script/quality-collector	DEEPSEEK_API_KEY	secret string; default credential for non-OpenRouter endpoint; required unless --api-key-env selects another name	Authenticate official DeepSeek continuation collection.	gguf-tools/quality-testing/collect_official.py:242
script/quality-collector	OPENROUTER_API_KEY	secret string; default credential when endpoint contains openrouter.ai; required unless --api-key-env selects another name	Authenticate OpenRouter continuation collection.	gguf-tools/quality-testing/collect_official.py:242
script/server-wrapper	DS4_BATCHED_SESSIONS	unset/empty defaults to 16; otherwise passed verbatim to --batched-session; the wrapper does not validate it	Sets the maximum batched-session count for the managed CUDA tensor-parallel server.	run-nvidia-tp-server.sh:14
script/server-wrapper	DS4_CTX	unset/empty defaults to 100000; otherwise passed verbatim to --ctx; the wrapper does not validate it	Sets the managed server context size.	run-nvidia-tp-server.sh:9
script/server-wrapper	DS4_KV_DIR	directory path; unset/empty defaults to /data/ds4-kv	Sets --kv-disk-dir for the managed server disk-backed KV cache.	run-nvidia-tp-server.sh:12
script/server-wrapper	DS4_KV_SPACE_MB	unset/empty defaults to 8192; otherwise passed verbatim to --kv-disk-space-mb; the wrapper does not validate it	Sets the managed server disk-KV capacity in MiB.	run-nvidia-tp-server.sh:13
script/server-wrapper	DS4_LOCK_FILE	lock-file path; unset/empty defaults to /tmp/ds4.lock	Selects the PID/instance lock inspected by start, stop, restart, and status; an explicit environment value is inherited by ds4-server.	run-nvidia-tp-server.sh:15
script/server-wrapper	DS4_MODEL	model path; unset/empty defaults to /home/antirez/models/deepseek-v4-gguf/DeepSeek-V4-Flash-MXFP4Experts-F16HC-F16Compressor-F16Indexer-Q8Attn-Q8Shared-Q8Out-chat-v2-mxfp4-0731.gguf; unreadable paths fail	Sets the target GGUF passed to the managed CUDA tensor-parallel server.	run-nvidia-tp-server.sh:8
script/server-wrapper	DS4_SERVER_HOST	host string; unset/empty defaults to 0.0.0.0	Sets the HTTP listen address passed to the managed server.	run-nvidia-tp-server.sh:10
script/server-wrapper	DS4_SERVER_LOG	log-file path; unset/empty defaults to /tmp/ds4-server.log	Receives detached-server stdout/stderr and supplies the readiness probe and failure tail.	run-nvidia-tp-server.sh:16
script/server-wrapper	DS4_SERVER_PORT	unset/empty defaults to 8000; otherwise passed verbatim to --port; the wrapper does not validate it	Sets the HTTP listen port passed to the managed server.	run-nvidia-tp-server.sh:11
script/server-wrapper	DS4_START_TIMEOUT	positive decimal integer with no leading zero; unset/empty defaults to 180; invalid values fail when starting	Sets how many seconds detached startup waits for the lock owner and listening log marker.	run-nvidia-tp-server.sh:17
script/server-wrapper	DS4_STOP_TIMEOUT	positive decimal integer with no leading zero; unset/empty defaults to 120; invalid values fail when stopping	Sets how many seconds graceful stop waits after SIGTERM before failing.	run-nvidia-tp-server.sh:18
test-only	DS4_CUDA_TOPK_REGRESSION_SEC	positive floating-point seconds; default 2.0; invalid or nonpositive input restores the default	Set the CUDA large-top-k elapsed-time regression limit.	tests/cuda_long_context_smoke.c:72
test-only	DS4_METAL_MOE_TILE_MAX	cleanup-only historical spelling; no production consumer exists, so setting it has no runtime effect	Clears a legacy Metal MoE tile override while preparing the test environment.	tests/ds4_test.c:7516
test-only	DS4_ROCM_ENABLE_Q4_PREFILL_TILE8	cleanup-only legacy spelling; no runtime or test reader; setting it has no effect	Remove a stale opt-in name while preparing ROCm Q4 test cases; TILE8 is automatic.	tests/test_rocm_q4_dense_pair.cpp:58
test-only	DS4_TEST_ALLOW_FALLBACK	presence flag; unset: native mixed path required; any defined value including empty or 0 permits exactly the serialized-fallback counter outcome	Lets the CUDA mixed prefill/decode oracle accept serialized fallback while retaining bit-exact logit comparisons.	tests/test_cuda_mixed_batch.c:204
test-only	DS4_TEST_BACKEND	exact cpu selects CPU; every other value, including unset/empty, selects Metal on Apple and CUDA elsewhere	Chooses the backend used by model-backed tests in tests/ds4_test.c.	tests/ds4_test.c:91
test-only	DS4_TEST_BATCH_ONLY	presence flag; unset: run batched and isolated-control phases; any defined value including empty or 0 stops after the batched archive/hash phase	Runs only the CUDA session-batch phase and skips replay against isolated control sessions.	tests/test_cuda_session_batch.c:288
test-only	DS4_TEST_CONTEXT	CUDA session/mixed fixtures default to 1024 and require 1024..65536; mixed-batch uses strict full decimal parsing, while session-batch uses atoi and therefore accepts numeric prefixes	Sets the context and placement hint for the CUDA session-batch and mixed prefill/decode oracles.	tests/test_cuda_session_batch.c:125
test-only	DS4_TEST_DSPARK	nonempty DSpark support-GGUF path; unset/empty skips the DSpark verify-depth test	Loads the DSpark support model for teacher-forced verification of committed speculative tokens.	tests/ds4_test.c:8563
test-only	DS4_TEST_GPU_DEVICES	GPU device-list string parsed with the normal auto-VRAM parser; unset/empty defaults to 0,2,4,6,1,3,5,7; parse failure is fatal	Selects and orders the CUDA TP/EP devices used by the mixed prefill/decode oracle.	tests/test_cuda_mixed_batch.c:122
test-only	DS4_TEST_LOCAL_GOLDEN_FILE	nonempty readable fixture path; unset/empty defaults to tests/test-vectors/flash-0731/local-golden.vec	Selects the local-golden vector file used for model-logit regression checks.	tests/ds4_test.c:7501
test-only	DS4_TEST_LOGPROB_AUTO_METAL	presence flag; unset forces DS4_METAL_DISABLE_METAL4=1; any presence including empty or 0 removes that rollback and permits automatic Metal selection	Runs official log-probability vectors with automatic Metal-path selection instead of the fixed pre-Metal4 baseline.	tests/ds4_test.c:7235
test-only	DS4_TEST_LONG_PROMPT	nonempty readable prompt-file path; unset/empty defaults to tests/long_context_story_prompt.txt	Selects the rendered story prompt for the long-context fact-recall test.	tests/ds4_test.c:6970
test-only	DS4_TEST_LONG_WORDS	atoi integer; unset/empty/nonnumeric defaults to 0; valid range is 0..DS4_TEST_CONTEXT-128 and numeric prefixes are accepted	Adds repeated words to alternating CUDA session-batch prompts to exercise long-prefill rows.	tests/test_cuda_session_batch.c:135
test-only	DS4_TEST_METAL_EXACTN_BATCH_HEAD	nonempty value other than exact 0 enables; unset/empty/0 disables; false/off also enable	Enables the Metal exact-N batch-head path and requires its attempt/use counters for every eligible oracle case.	tests/test_metal_exactn_oracle.c:401
test-only	DS4_TEST_METAL_EXACTN_ORACLE	presence flag compiled only with DS4_TEST_HOOKS; absent from normal production builds	Force allocation of the exact-N Metal verifier/oracle workspace in tests.	ds4.c:62259
test-only	DS4_TEST_MIXED_INITIAL	integer 128..context-1; default 128	Set the initial prefill length for the CUDA mixed-batch oracle.	tests/test_cuda_mixed_batch.c:111
test-only	DS4_TEST_MIXED_QUANTUM	integer 1..context-1; default 128	Set the number of prompt tokens added per CUDA mixed-batch round.	tests/test_cuda_mixed_batch.c:113
test-only	DS4_TEST_MIXED_ROUNDS	integer 1..64; default 3	Set the number of CUDA mixed-batch oracle rounds.	tests/test_cuda_mixed_batch.c:115
test-only	DS4_TEST_MODEL	nonempty GGUF path; tests/ds4_test.c defaults to ds4flash.gguf, while standalone model-backed CUDA/Metal fixtures generally require a supplied path and fail or skip when absent	Selects the target model shared by model-backed test binaries.	tests/ds4_test.c:14
test-only	DS4_TEST_MPP_EQ_CASE	comma-separated substring filter; unset/empty runs all cases; tokens are whitespace-trimmed and the filter is truncated to 255 bytes	Restricts Metal tensor-equivalence vectors to IDs containing at least one requested substring.	tests/ds4_test.c:7805
test-only	DS4_TEST_MTP	nonempty MTP support-GGUF path; unset/empty loads no MTP head; only the fast test engine uses it, with draft depth 4	Enables the legacy MTP verify-depth regression; the test self-skips without this model.	tests/ds4_test.c:104
test-only	DS4_TEST_Q4_STREAM_ITERS	integer 1..10000; default 2	Set measured iterations for the Metal Q4 stream oracle.	tests/test_metal_q4_streams.c:734
test-only	DS4_TEST_Q4_STREAM_SOAK	integer 1..100000; default 8	Set bounded overlap-soak iterations for the Metal Q4 stream oracle.	tests/test_metal_q4_streams.c:736
test-only	DS4_TEST_Q4_STREAM_TIMING	presence flag; unset: correctness/leak checks only; any defined value including empty or 0 also runs timing pairs	Adds FIFO-versus-overlap and native-versus-overlap timing measurements to the Metal Q4 stream oracle.	tests/test_metal_q4_streams.c:737
test-only	DS4_TEST_Q4_STREAM_TIMING_BLOCKS	integer 5..MAX_TIMING_BLOCKS; default 5	Set the timing block count for the Metal Q4 stream oracle.	tests/test_metal_q4_streams.c:739
test-only	DS4_TEST_Q4_STREAM_TIMING_ITERS	integer 1..10000; default 20	Set timing iterations for the Metal Q4 stream oracle.	tests/test_metal_q4_streams.c:741
test-only	DS4_TEST_Q4_STREAM_WARMUP	integer 1..64; default 1	Set warmup iterations for the Metal Q4 stream oracle.	tests/test_metal_q4_streams.c:732
test-only	DS4_TEST_REQUIRE_MODEL	nonempty value other than exact 0 requires a readable model; unset/empty/0 permits a skip; false/off count as required	Turns a missing Metal exact-N oracle model from a developer skip into a release-gate failure.	tests/test_metal_exactn_oracle.c:390
test-only	DS4_TEST_REQUIRE_ROCM_DEVICE	nonempty value other than exact 0 requires a visible ROCm device; unset/empty/0 returns the fixture skip code; false/off count as required	Turns absence of a ROCm device from a skip into failure for the ROCm Q4 oracle.	tests/test_rocm_q4_dense_pair.cpp:1569
test-only	DS4_TEST_SERVER_PREFILL	presence flag; unset: normal prefill; any defined value including empty or 0 installs a no-op display-progress callback	Exercises the progress-split prefill path used by ds4-server in CUDA session-batch and control sessions.	tests/test_cuda_session_batch.c:110
test-only	DS4_TEST_SESSION_BATCH_ARM	arbitrary nonempty label; unset/empty defaults to unspecified; it is logged only and does not alter execution	Labels the Metal session-batch experiment arm in setup diagnostics.	tests/test_metal_session_batch.c:153
test-only	DS4_TEST_SESSION_BATCH_TIMING	nonempty boolean; unset/empty/exact 0 disables; every other value enables	Print timing data from the Metal session-batch oracle.	tests/test_metal_session_batch.c:150
test-only	DS4_TEST_SESSION_COUNT	fixture-specific integer: CUDA session-batch defaults 8 and accepts atoi 2..16; CUDA mixed-batch defaults 8 with strict 3..16; Metal session-batch defaults 2 with strict 2..16	Sets the number of simultaneous sessions exercised by the model-backed batch oracles.	tests/test_cuda_session_batch.c:113
test-only	DS4_TEST_SSD_CACHE_EXPERTS	strict unsigned integer 30..UINT32_MAX; unset/empty defaults to 30; read only when Metal session-batch SSD streaming is enabled	Sizes the Metal session-batch routed-expert cache used to exercise SSD union policies for N=2..5.	tests/test_metal_session_batch.c:88
test-only	DS4_TEST_SSD_STREAMING	nonempty value other than exact 0 enables; unset/empty/0 disables; false/off also enable	Runs model-backed test engines through SSD streaming; the Metal session-batch fixture also uses cold mode and shared prefill workspace.	tests/ds4_test.c:109
test-only	DS4_TEST_SSD_STREAMING_CACHE_EXPERTS	strtoul decimal prefix; unset/empty/nonnumeric becomes 0, values above UINT32_MAX (including a parsed negative) saturate, and trailing text is accepted	Sets the routed-expert cache count on SSD-streaming engines created by tests/ds4_test.c.	tests/ds4_test.c:112
test-only	DS4_TEST_SSD_STREAMING_CACHE_GB	strtoull decimal GiB prefix; unset/empty/nonnumeric/zero becomes 0, byte overflow (including a parsed negative) saturates to UINT64_MAX, and trailing text is accepted	Sets the routed-expert cache byte budget on SSD-streaming engines created by tests/ds4_test.c.	tests/ds4_test.c:114
test-only	DS4_TEST_SSD_STREAMING_COLD	nonempty boolean; unset/empty/exact 0 disables; every other value enables	Run test engines in cold SSD-streaming mode and skip hot-expert preload.	tests/ds4_test.c:110
test-only	DS4_TEST_SSD_STREAMING_PRELOAD_EXPERTS	unsigned integer; default 0; numeric prefixes are accepted and overflow clamps to UINT32_MAX	Set the number of SSD-streaming experts preloaded by test engines.	tests/ds4_test.c:116
test-only	DS4_TEST_SSD_UNION_POLICY_SWITCH	nonempty boolean; unset/empty/exact 0 disables; every other value enables	Exercise an SSD session-union policy transition in the Metal session-batch oracle.	tests/test_metal_session_batch.c:152
test-only	DS4_TEST_TP_DISCONNECT	presence flag effective only in leader mode; unset: normal test; any defined value including empty or 0 enters the disconnect oracle	Waits for the TP worker to disconnect, then requires the next batch to fail and every session checkpoint to be invalidated.	tests/test_metal_session_batch.c:268
test-only	DS4_TEST_TP_LEADER_HOST	nonempty host string required in worker mode; no default; ignored outside worker mode	Sets the TP leader address contacted by the Metal session-batch worker.	tests/test_metal_session_batch.c:212
test-only	DS4_TEST_TP_LISTEN_HOST	nonempty host string; unset/empty defaults to 0.0.0.0; used only in leader mode	Sets the TP listen address for the Metal session-batch leader.	tests/test_metal_session_batch.c:204
test-only	DS4_TEST_TP_MODE	unset/empty: no TP; exact leader or worker selects that role; every other nonempty value fails; incompatible with SSD-streaming mode	Selects standalone, TP-leader, or TP-worker execution for the Metal session-batch oracle.	tests/test_metal_session_batch.c:168
test-only	DS4_TEST_TP_PORT	strict full decimal integer 1..65535; unset/empty defaults to 19452	Sets the listen/connect port shared by Metal session-batch TP leader and worker.	tests/test_metal_session_batch.c:63
test-only	DS4_TEST_TP_TRANSPORT	unset/empty/auto selects automatic transport; exact tcp or rdma selects that transport; other values fail	Chooses the TP transport for Metal session-batch leader/worker tests.	tests/test_metal_session_batch.c:52
test-only	DS4_TEST_VECTOR_FILE	nonempty readable vector path; unset/empty defaults to tests/test-vectors/flash-0731/official.vec	Selects the official fixture used by log-probability and Metal tensor-equivalence tests.	tests/ds4_test.c:7222
test-only	PROTO_Q8_DEBUG	presence diagnostic; unset: summary only; any defined value including empty or 0 prints detailed error structure after a Q8 parity failure	Dumps bad-element tile and row/column histograms for the CUDA Q8 prototype when parity fails.	cuda/mmq/test/proto_gemm_dense_q8_d2r.cu:647
test-script	DEEPSEEK_API_KEY	secret string; required	Authenticate official test-vector fetch.	tests/test-vectors/fetch_official_vectors.py:236
test-script	DS4_BIN	executable path; unset/empty defaults to ./ds4; the Q4 matrix requires it executable, the DSpark fixture skips if missing, and the GLM smoke lets command failure fail the test	Selects the ds4 binary launched by model-backed shell test fixtures.	tests/cuda_q4_gb10_fast_matrix.sh:47
test-script	DS4_CUDA_DISABLE_DSPARK_EXACTN	arbitrary inherited runtime value; the fixture neither parses nor changes it; unset/empty is printed as unset in metadata, and the environment is passed unchanged to ds4	Records and passes through the CUDA exact-N rollback used by the acceptance run.	tests/dspark_acceptance_fixture.sh:262
test-script	DS4_CUDA_DISABLE_DSPARK_EXACTN_BATCH_HEAD	arbitrary inherited runtime value; the fixture neither parses nor changes it; unset/empty is printed as unset in metadata, and the environment is passed unchanged to ds4	Records and passes through the CUDA exact-N batch-head rollback.	tests/dspark_acceptance_fixture.sh:264
test-script	DS4_CUDA_DISABLE_DSPARK_EXACTN_GRAPHS	arbitrary inherited runtime value; the fixture neither parses nor changes it; unset/empty is printed as unset in metadata, and the environment is passed unchanged to ds4	Records and passes through the CUDA exact-N graph rollback.	tests/dspark_acceptance_fixture.sh:266
test-script	DS4_CUDA_DISABLE_DSPARK_NONCAUSAL_ONLINE	arbitrary inherited runtime value; the fixture neither parses nor changes it; unset/empty is printed as unset in metadata, and the environment is passed unchanged to ds4	Records and passes through the CUDA noncausal-online-attention rollback.	tests/dspark_acceptance_fixture.sh:275
test-script	DS4_CUDA_DSPARK_DEVICE_PROPOSER	arbitrary inherited runtime value; the fixture neither parses nor changes it; unset/empty is printed as unset in metadata, and the environment is passed unchanged to ds4	Records and passes through the CUDA device-proposer opt-in.	tests/dspark_acceptance_fixture.sh:267
test-script	DS4_CUDA_DSPARK_EXACT2	arbitrary inherited runtime value; the fixture neither parses nor changes it; unset/empty is printed as unset in metadata, and the environment is passed unchanged to ds4	Records and passes through the CUDA exact-2 verifier override.	tests/dspark_acceptance_fixture.sh:259
test-script	DS4_CUDA_DSPARK_EXACTN	arbitrary inherited runtime value; the fixture neither parses nor changes it; unset/empty is printed as unset in metadata, and the environment is passed unchanged to ds4	Records and passes through the CUDA exact-N verifier opt-in.	tests/dspark_acceptance_fixture.sh:261
test-script	DS4_CUDA_DSPARK_EXACTN_BATCH_HEAD	arbitrary inherited runtime value; the fixture neither parses nor changes it; unset/empty is printed as unset in metadata, and the environment is passed unchanged to ds4	Records and passes through the CUDA exact-N batch-head opt-in.	tests/dspark_acceptance_fixture.sh:263
test-script	DS4_CUDA_DSPARK_EXACTN_GRAPHS	arbitrary inherited runtime value; the fixture neither parses nor changes it; unset/empty is printed as unset in metadata, and the environment is passed unchanged to ds4	Records and passes through the CUDA exact-N graph opt-in.	tests/dspark_acceptance_fixture.sh:265
test-script	DS4_CUDA_DSPARK_NO_DEVICE_PROPOSER	arbitrary inherited runtime value; the fixture neither parses nor changes it; unset/empty is printed as unset in metadata, and the environment is passed unchanged to ds4	Records and passes through the CUDA device-proposer rollback.	tests/dspark_acceptance_fixture.sh:268
test-script	DS4_CUDA_DSPARK_PROPOSER_BLOCK_MAX	arbitrary inherited runtime value; the fixture neither parses nor changes it; unset/empty is printed as unset in metadata, and the environment is passed unchanged to ds4	Records and passes through the CUDA proposer block-size cap.	tests/dspark_acceptance_fixture.sh:278
test-script	DS4_CUDA_ENABLE_DSPARK_NONCAUSAL_ONLINE	arbitrary inherited runtime value; the fixture neither parses nor changes it; unset/empty is printed as unset in metadata, and the environment is passed unchanged to ds4	Records and passes through the CUDA noncausal-online-attention opt-in.	tests/dspark_acceptance_fixture.sh:274
test-script	DS4_CUDA_Q4_MATRIX_CTX	nonempty decimal digits other than exact 0; unset/empty defaults to 4096; no upper bound; leading-zero zero strings such as 00 pass the script's guard	Sets --ctx for every Q4 GB10 smoke and score_official matrix arm.	tests/cuda_q4_gb10_fast_matrix.sh:49
test-script	DS4_CUDA_Q4_MATRIX_DECODE_GRAPHS	exact default, 0, or 1; unset/empty defaults to default; other values fail	Leaves decode graphs automatic, forces them off, or forces them on with capture logging for every matrix arm.	tests/cuda_q4_gb10_fast_matrix.sh:56
test-script	DS4_CUDA_Q4_MATRIX_PROMPT	prompt string; unset/empty defaults to Write a complete Python quicksort function with comments.	Sets the deterministic smoke prompt whose log-probability output is compared across Q4 fast-path arms.	tests/cuda_q4_gb10_fast_matrix.sh:52
test-script	DS4_CUDA_Q4_MATRIX_SCORER	executable path; unset/empty defaults to gguf-tools/quality-testing/score_official; a missing/nonexecutable path fails	Selects the scorer used to produce quality TSVs for each non-oracle Q4 matrix arm.	tests/cuda_q4_gb10_fast_matrix.sh:48
test-script	DS4_CUDA_Q4_MATRIX_SKIP_PARITY	exact 0 or 1; unset/empty defaults to 0; other values fail	When 1, skips the synthetic MMQ parity prerequisite and marks the resulting QA run incomplete.	tests/cuda_q4_gb10_fast_matrix.sh:57
test-script	DS4_CUDA_Q4_MATRIX_SSD_CACHE	unset/empty by default; required and passed verbatim as --ssd-streaming-cache-experts when streaming=1; must remain empty when streaming=0; no further validation	Sets the SSD expert cache as a count or NGB value for every streamed matrix arm.	tests/cuda_q4_gb10_fast_matrix.sh:54
test-script	DS4_CUDA_Q4_MATRIX_SSD_PRELOAD	unset/empty omits preload; a nonempty value is passed verbatim as --ssd-streaming-preload-experts and is allowed only when streaming=1	Sets optional expert preload for streamed Q4 smoke and scoring arms.	tests/cuda_q4_gb10_fast_matrix.sh:55
test-script	DS4_CUDA_Q4_MATRIX_SSD_STREAMING	exact 0 or 1; unset/empty defaults to 0; other values fail	Runs all Q4 matrix arms resident or with SSD streaming and enforces matching cache/preload arguments.	tests/cuda_q4_gb10_fast_matrix.sh:53
test-script	DS4_CUDA_Q4_MATRIX_TOKENS	nonempty decimal digits other than exact 0; unset/empty defaults to 32; no upper bound; leading-zero zero strings such as 00 pass the script's guard	Sets the continuation length for each Q4 GB10 smoke arm.	tests/cuda_q4_gb10_fast_matrix.sh:50
test-script	DS4_CUDA_Q4_MATRIX_TOP_K	nonempty decimal digits other than exact 0 and numerically <=128; unset/empty defaults to 128; leading-zero zero strings such as 00 pass the guard	Sets --logprobs-top-k for the byte-comparable Q4 GB10 smoke dumps.	tests/cuda_q4_gb10_fast_matrix.sh:51
test-script	DS4_DSPARK_FIXTURE_BACKEND	unset/empty defaults to auto; exact auto, metal, cuda, or rocm accepted; every other value fails	Chooses the explicit backend flag for baseline and DSpark acceptance runs; auto passes none.	tests/dspark_acceptance_fixture.sh:14
test-script	DS4_DSPARK_FIXTURE_CONFIDENCE	unset/empty omits the option and uses the runtime default; otherwise passed verbatim to --dspark-confidence without fixture-side validation	Overrides the DSpark confidence threshold for acceptance runs and records it in metadata.	tests/dspark_acceptance_fixture.sh:13
test-script	DS4_DSPARK_FIXTURE_C_ADD_MIN_ACCEPTED	decimal digits including 0; unset/empty defaults to 8; non-digits fail	Sets the minimum accepted-draft count for the c_add case when the proposal-quality guard is active.	tests/dspark_acceptance_fixture.sh:12
test-script	DS4_DSPARK_FIXTURE_EXACT_SAMPLING	unset/empty/exact 0 disables; any other value enables	Adds --mtp-exact-sampling to the DSpark acceptance variant only.	tests/dspark_acceptance_fixture.sh:30
test-script	DS4_DSPARK_FIXTURE_MIN_P	unset/empty defaults to 0.05; otherwise passed verbatim to --min-p without fixture-side validation	Sets the minimum-probability sampling cutoff for both baseline and DSpark acceptance variants.	tests/dspark_acceptance_fixture.sh:28
test-script	DS4_DSPARK_FIXTURE_REQUIRE_ACTIVE	exact 0 or 1; unset/empty defaults to 1; other values fail	When 1, requires aggregate proposed and accepted-draft counts to both be nonzero.	tests/dspark_acceptance_fixture.sh:17
test-script	DS4_DSPARK_FIXTURE_REQUIRE_CUDA_DEVICE_PROPOSER	exact 0 or 1; unset/empty defaults to 0; other values fail; 1 also forces byte-identical output checking	Requires CUDA device-proposer attempts to equal uses, with nonzero use and zero fallback or policy mismatch.	tests/dspark_acceptance_fixture.sh:22
test-script	DS4_DSPARK_FIXTURE_REQUIRE_CUDA_EXACTN	exact 0 or 1; unset/empty defaults to 0; other values fail; 1 also forces byte-identical output checking	Requires at least one CUDA exact-N attempt and zero exact-N error fallbacks.	tests/dspark_acceptance_fixture.sh:19
test-script	DS4_DSPARK_FIXTURE_REQUIRE_CUDA_EXACTN_BATCH_HEAD	exact 0 or 1; unset/empty defaults to 0; other values fail; 1 implies REQUIRE_CUDA_EXACTN and identical output	Requires nonzero CUDA exact-N batch-head attempts/uses and zero batch-head fallbacks.	tests/dspark_acceptance_fixture.sh:20
test-script	DS4_DSPARK_FIXTURE_REQUIRE_CUDA_EXACTN_GRAPHS	exact 0 or 1; unset/empty defaults to 0; other values fail; 1 implies REQUIRE_CUDA_EXACTN and identical output	Requires CUDA exact-N graph attempts, uses, captures, and replays, with zero no-slot or graph failures.	tests/dspark_acceptance_fixture.sh:21
test-script	DS4_DSPARK_FIXTURE_REQUIRE_DIRECT_COMMIT	exact 0 or 1; unset/empty defaults to 0; other values fail	Requires at least one direct verifier-state commit; with REQUIRE_PARTIAL it also requires a direct partial commit.	tests/dspark_acceptance_fixture.sh:9
test-script	DS4_DSPARK_FIXTURE_REQUIRE_EXACT2	exact 0 or 1; unset/empty defaults to 0; other values fail; 1 also forces byte-identical output checking	Requires at least one exact-2 attempt and zero exact-2 fallbacks.	tests/dspark_acceptance_fixture.sh:18
test-script	DS4_DSPARK_FIXTURE_REQUIRE_IDENTICAL	exact 0 or 1; unset/empty defaults to 0; other values fail; several path-specific requirements force it to 1	When 1, fails any byte difference between baseline and DSpark stdout; otherwise mismatches are reported but allowed.	tests/dspark_acceptance_fixture.sh:10
test-script	DS4_DSPARK_FIXTURE_REQUIRE_METAL_DEVICE_PROPOSER	exact 0 or 1; unset/empty defaults to 0; other values fail; 1 also forces byte-identical output checking	Requires Metal device-proposer attempts to equal uses, with nonzero use and zero fallback or policy mismatch.	tests/dspark_acceptance_fixture.sh:25
test-script	DS4_DSPARK_FIXTURE_REQUIRE_METAL_EXACTN_BATCH_HEAD	exact 0 or 1; unset/empty defaults to 0; other values fail; 1 also forces byte-identical output checking	Requires nonzero Metal exact-N batch-head attempts/uses and zero batch-head fallbacks.	tests/dspark_acceptance_fixture.sh:23
test-script	DS4_DSPARK_FIXTURE_REQUIRE_METAL_EXACTN_PARTIAL	exact 0 or 1; unset/empty defaults to 0; other values fail; 1 also forces byte-identical output checking	Requires a Metal exact-N partial replay, matching verify-skip count, and zero union error fallbacks.	tests/dspark_acceptance_fixture.sh:24
test-script	DS4_DSPARK_FIXTURE_REQUIRE_PARTIAL	unset/empty defaults to 0; exact 0 disables; any other value enables, with no 0/1 validation	Requires at least one partial-accept case and, together with REQUIRE_DIRECT_COMMIT, one direct partial commit.	tests/dspark_acceptance_fixture.sh:8
test-script	DS4_DSPARK_FIXTURE_REQUIRE_PROPOSAL_QUALITY	unset/empty/auto selects auto; 0/false/no/off disables; 1/true/yes/on enables; values are lowercase and other strings fail; auto enables only without partial mode/confidence override and with tokens >=32	Controls the c_add minimum-accepted-drafts quality guard.	tests/dspark_acceptance_fixture.sh:11
test-script	DS4_DSPARK_FIXTURE_SEED	unset/empty defaults to 12345; otherwise passed verbatim to --seed without fixture-side validation	Sets the sampling seed for both baseline and DSpark acceptance variants.	tests/dspark_acceptance_fixture.sh:29
test-script	DS4_DSPARK_FIXTURE_SSD_STREAMING	exact 0 or 1; unset/empty defaults to 0; other values fail	Adds --ssd-streaming to both baseline and DSpark runs when enabled.	tests/dspark_acceptance_fixture.sh:15
test-script	DS4_DSPARK_FIXTURE_SSD_STREAMING_CACHE_EXPERTS	unset/empty omits the cache option; otherwise decimal digits including 0 are required, and a value is legal only with SSD streaming enabled	Passes an explicit --ssd-streaming-cache-experts value to both acceptance-run variants.	tests/dspark_acceptance_fixture.sh:16
test-script	DS4_DSPARK_FIXTURE_TEMPERATURE	unset/empty defaults to 0; otherwise passed verbatim to --temp without fixture-side validation	Sets the sampling temperature for both baseline and DSpark acceptance variants.	tests/dspark_acceptance_fixture.sh:26
test-script	DS4_DSPARK_FIXTURE_TOKENS	token-count argument; unset/empty defaults to 32; the fixture does not validate it before passing --tokens, and auto quality treats nonnumeric or <32 as ineligible	Sets generated-token count for each baseline and DSpark acceptance case.	tests/dspark_acceptance_fixture.sh:7
test-script	DS4_DSPARK_FIXTURE_TOP_P	unset/empty defaults to 0.95; otherwise passed verbatim to --top-p without fixture-side validation	Sets the nucleus-sampling cutoff for both baseline and DSpark acceptance variants.	tests/dspark_acceptance_fixture.sh:27
test-script	DS4_DSPARK_MODEL	target-model path; unset/empty falls back to DS4_TEST_MODEL, then ./ds4flash.gguf; a missing file causes a successful skip	Selects the target GGUF compared in baseline and DSpark acceptance runs.	tests/dspark_acceptance_fixture.sh:5
test-script	DS4_DSPARK_SSD_VERIFY_BLOCK_MAX	unsigned integer rows; default/fallback 0 means automatic policy; numeric prefixes accepted; used both as verifier cap and as an exact-2 proposer-policy discriminator	Cap speculative rows verified from SSD and influence exact-2 proposal sizing.	tests/dspark_acceptance_fixture.sh:280
test-script	DS4_DSPARK_SUPPORT	support-model path; unset/empty defaults to gguf/DeepSeek-V4-Flash-DSpark-support-0731.gguf; a missing file causes a successful skip	Selects the DSpark support GGUF passed through --mtp.	tests/dspark_acceptance_fixture.sh:6
test-script	DS4_DSPARK_VERIFY_NONCAUSAL	presence diagnostic sampled once after the first successfully submitted CUDA noncausal-attention kernel; unset: verify 0 calls; any presence including empty or 0: verify that call and the next 2	CUDA only: synchronizes and reads back Q/KV/output, computes the DSpark noncausal attention CPU reference, and logs max absolute/relative error; it reports only and does not fail the operation.	tests/dspark_acceptance_fixture.sh:276
test-script	DS4_GLM_BACKEND	exact metal, cuda, or cpu; unset/empty defaults to metal; other values fail	Selects the backend flag used by the GLM long-context continuation smoke test.	tests/glm_long_context_smoke.sh:29
test-script	DS4_GLM_EXTRA_ARGS	unset/empty adds no arguments; otherwise intentionally unquoted and therefore shell field-split and pathname-expanded	Adds backend/device options to the ds4 invocation used for every GLM long-context case.	tests/glm_long_context_smoke.sh:91
test-script	DS4_GLM_LONG_CONTEXT_CTX	context argument; unset/empty defaults to 100000; forwarded to --ctx without script-side validation	Sets the context size for GLM long-context smoke invocations.	tests/glm_long_context_smoke.sh:26
test-script	DS4_GLM_LONG_CONTEXT_GEN	generation-count argument; unset/empty defaults to 32; forwarded to -n without script-side validation	Sets the number of continuation tokens checked by each GLM long-context case.	tests/glm_long_context_smoke.sh:28
test-script	DS4_GLM_LONG_CONTEXT_REPEATS	whitespace-separated list of prompt-padding counts; unset/empty defaults to the single count 130; each item must work as a shell integer	Chooses one or more audit-block counts used to construct long GLM prompts.	tests/glm_long_context_smoke.sh:27
test-script	DS4_GLM_MODEL	model path used only when no nonempty positional MODEL is supplied; unset/empty defaults to models/GLM-5.2-UD-Q4_K_XL.gguf	Selects the GLM-5.2 GGUF used by the long-context continuation smoke test.	tests/glm_long_context_smoke.sh:25
test-script	DS4_METAL_DISABLE_DSPARK_EXACTN_BATCH_HEAD	arbitrary inherited runtime value; the fixture neither parses nor changes it; unset/empty is printed as unset in metadata, and the environment is passed unchanged to ds4	Records and passes through the Metal exact-N batch-head rollback.	tests/dspark_acceptance_fixture.sh:271
test-script	DS4_METAL_DSPARK_DEVICE_PROPOSER	arbitrary inherited runtime value; the fixture neither parses nor changes it; unset/empty is printed as unset in metadata, and the environment is passed unchanged to ds4	Records and passes through the Metal device-proposer opt-in.	tests/dspark_acceptance_fixture.sh:272
test-script	DS4_METAL_DSPARK_EXACT2	arbitrary inherited runtime value; the fixture neither parses nor changes it; unset/empty is printed as unset in metadata, and the environment is passed unchanged to ds4	Records and passes through the Metal exact-2 verifier override.	tests/dspark_acceptance_fixture.sh:260
test-script	DS4_METAL_DSPARK_EXACTN_BATCH_HEAD	arbitrary inherited runtime value; the fixture neither parses nor changes it; unset/empty is printed as unset in metadata, and the environment is passed unchanged to ds4	Records and passes through the Metal exact-N batch-head opt-in.	tests/dspark_acceptance_fixture.sh:270
test-script	DS4_METAL_DSPARK_EXACTN_UNION	arbitrary inherited runtime value; the fixture neither parses nor changes it; unset/empty is printed as unset in metadata, and the environment is passed unchanged to ds4	Records and passes through the Metal exact-N union-verifier opt-in.	tests/dspark_acceptance_fixture.sh:269
test-script	DS4_METAL_DSPARK_EXACT_ROWS_ASYNC_TAILS	arbitrary inherited runtime value; the fixture neither parses nor changes it; unset/empty is printed as unset in metadata, and the environment is passed unchanged to ds4	Records and passes through the Metal exact-row asynchronous-tail override.	tests/dspark_acceptance_fixture.sh:277
test-script	DS4_METAL_DSPARK_NO_DEVICE_PROPOSER	arbitrary inherited runtime value; the fixture neither parses nor changes it; unset/empty is printed as unset in metadata, and the environment is passed unchanged to ds4	Records and passes through the Metal device-proposer rollback.	tests/dspark_acceptance_fixture.sh:273
test-script	DS4_METAL_DSPARK_PROPOSER_BLOCK_MAX	arbitrary inherited runtime value; the fixture neither parses nor changes it; unset/empty is printed as unset in metadata, and the environment is passed unchanged to ds4	Records and passes through the Metal proposer block-size cap.	tests/dspark_acceptance_fixture.sh:279
test-script	DS4_TEST_MODEL	fallback target-model path used only when DS4_DSPARK_MODEL is unset/empty; unset/empty then defaults to ./ds4flash.gguf	Provides the shared test-model fallback for the DSpark acceptance fixture.	tests/dspark_acceptance_fixture.sh:5
test-script	OPENROUTER_API_KEY	secret string; required	Authenticate OpenRouter GLM test-vector fetch.	tests/test-vectors/fetch_openrouter_glm_vectors.py:355
test-script	TMPDIR	temporary-directory base path; unset/empty defaults to /tmp	Chooses the parent directory for auto-created Q4 matrix, DSpark fixture, and GLM smoke work directories.	tests/cuda_q4_gb10_fast_matrix.sh:108
